0	Τὸ ποίημα οἱ μὲν ἐπιγράφουσι περὶ θανασίμων φαρμάκων, οἱ δ’ ἀντιφάρμακα, ἄλλοι δ’ ἀλεξιφάρμακα· καὶ γὰρ αὐτός φησιν ὁ Νίκανδρος (4) ῥεῖά κέ τοι ποσίεσσιν ἀλέξια φαρμακοέσσαις.
1	Εἰ καὶ μὴ σύγκληρα. Νίκανδρός ἐστίν ὁ λέγων Κολοφώνιος Πρωταγόρᾳ Κυζικηνῷ, ὁ δὲ νοῦς· εἰ καὶ μὴ σύνεγγυς ἔχομεν τοὺς κλήρους τῶν πόλεων ἐπὶ τῆς Ἀσίας, ἀλλὰ τό σοι προσφωνεῖν οὐκ ἀνοίκειον ἡγοῦμαι. Δήμους δὲ λέγει τὰ ἀθροίσματα τῶν τε προγόνων καὶ τῶν κτιστῶν.
2	Τύρσεις δεῖ ἀκούειν τὰς πόλεις, ἀλλ’ οὐ τὰς ἐπάλξεις, ὅπερ κυρίως σημαίνουσιν· ἀπεμφαίνων, γὰρ ὁ λόγος ἐστὶν, εἰ χάριν τῶν ἐπάλξεων οἱ δῆμοι τὰ τείχη ἔκτισαν, αλλὰ μὴ χάριν τῶν πόλεων. Σύγκληρα δὲ σύνοικα τῶν αὐτοκλήρων. Τὸ δὲ τέων οὐκ ὀρθῶς κεῖται· σημαίνει γὰρ τὸ τίνων· Ὅμηρος ( Il. ω 387 )· τέων δ′ ἔξ ἐσσι τοκήων; βούλεται δὲ λέγειν ὧν. Τζέτζης· τέων, τῶν, ὧν δωρικῶς· καλῶς ἔχει. Βλάστας δὲ τὰ βλαστήματα, τὰ γένη· ὁ γὰρ ἄνθρωπος δίκην φυτοῦ αὔξει. Τύρσεσι δὲ ταῖς πόλεσιν ἀπὸ μέρους τῶν τειχῶν.
3	Δολιχός· μακρὸς, πολύς· ἀπέχουσι γὰρ ἀλλήλων ἡ Κύζικος καὶ ἡ Κολοφών.
4	Ἀλέξια φαρμακοέσσαις· τὰ ἀλεξιτήρια τῶν φαρμάκων εἴποιμι ἀντὶ τοῦ καὶ βλαπτούσας καὶ ὠφελούσας βοτάνας εἴποιμι.
5	Ἅ τε φῶτας· ἔδει εἰπεῖν αἵτινες, αἱ πόσιες, ὁ δ’ ἐπὶ τὸ ὁμώνυμον οὐδετέρως μετῆλθεν Ὁμηρικῶς· πρὸς τὰ φάρμακα γὰρ τὰ φθοροποιὰ ἔφη τὰ ἀλεξιτήρια τῶν φαρμάκων εἴποιμι.
6	Πολυστροίβοιο δὲ τῆς πολυταράχου παρὰ τὸ στροβεῖν τὰς ναῦς, ὅ ἐστι ταράσσειν, κατὰ παρένθεσιν τοῦ ι πολυστρόφου, τῆς πολλὰς στροφὰς ἐούσης.
7	Ἄρκτον ὑπ’ ὀμφαλόεσσαν· ἀρκτικωτέρα γὰρ ἡ Κύζικος τῆς Κολοφῶνος, ὀμφαλὸν δὲ καλεῖ τὸν βόρειον πόλον, ὡς μεσαίτατον, ἢ αὐτὴν τὴν ἄρκτον διὰ τὸν παρακείμενον αὐτῇ τῶν ἄστρων χορόν· ὀμφαλόεσσα εἴρηκε διὰ τὸ μέσον τοῦ βορείου κεῖσθαι. Τινὲς δ’ ἐπειδὴ δοκεῖ ὁ κατὰ τὰς ἄρκτους τόπος εὐβοτώτατος, ὀμφαλόεσσαν εἰρῆσθαί φασι τὴν τροφώδη· ὀμφαλὸς γὰρ ἀπὸ τῆς ὄμπνης εἴρηται, ὅ ἐστι τροφὴ, ἀφ’ οὐ καὶ ἡ Δημήτηρ ὀμπνία, ἄλλοι δὲ τὴν Κρητικήν· Ὀμφαλὸς γὰρ τόπος ἐν Κρήτῃ, ὡς καὶ Καλλίμαχος ( Hymn. in Jovem 44 )· πέσε, δαῖμον, ἀπ’ ὀμφαλὸς, ἔνθεν ἐκεῖνο Ὀμφάλιον μετέπειτα πέδον καλέουσι Κύδωνες. 
8	Λοβρίνης θαλάμαι· τόποι ἱεροὶ ὑπόγειοι, ἀνακείμενοι τῇ Ῥέᾳ, ὅπου ἐκτεμνόμενοι τὰ μήδεα κατετίθεντο οἱ τῷ Ἄττει καὶ τῇ Ῥέᾳ λατρεύοντες, εἰσὶ δὲ τὰ Λόβρινα ὄρη Φρυγίας ἢ τόπος Κυζίκου· δύο γὰρ ὂρη εἰσὶν ἐν Κυζίκῳ, Δίνδυμον καὶ Λόβρινον. Λοβρίνης· οὕτω καλεῖται ἡ Ῥέα ἀπὸ τοῦ ὄρους τῆς Κυζίκου, ὁ καλεῖται Λόβρινον, ὅπου ἱερόν ἐστι τῆς Ῥέας. Ἂττεω· ἱστορεῖται, ὅτι ποιμὴν ἦν Φρὺξ ὁ Ἂττης, ποιμαίνων δὲ καὶ ὑμνῶν τὴν μητέρα τῶν θεῶν ἐφιλήθη ὑπ’ αὐτῆς, καὶ δὴ φαινομένη πολλάκις τιμῆς αὐτὸν ἠξίωσεν, ὁ Ζεὺς δ’ ἐπὶ τούτῳ δυσανασχετῶν ἀνεῖλεν αὐτὸν οὐ φανερῶς δι’ αἰδῶ τῆς μητρὸς, ἀλλὰ σῦν ἄγριον πέμψας, ἡ δὲ κατολοφυρομένη αὐτὸν ἔθαψεν, οἱ δὲ Φρύγες κατὰ τὸ ἔαρ θρηνοῦσιν αὐτόν. Ὥσπερ δ’ ἀπὸ τοῦ Ἂλτης Ἂλτεω, οὕτω καὶ ἀπὸ τοῦ Ἄττης Ἄττεω, ἡ ὡς ἀπὸ περισπωμένου, ὥσπερ Ἑρμῆς Ἑρμέω
9	Κρεούσης τῆς Ἐρεχθέως καὶ Ἀπόλλωνος Ἴων, ἀφ’ οὗ Ἴωνες οἱ Αθηναῖοι καὶ Ἱάδες πολλαὶ πόλεις, ἡ δὲ Κολοφὼν τῆς Ἰωνίας.
11	Ἑζόμενος· γράφεται καὶ ἔξομένη Κλαρίοιο θεοῦ παρὰ πίονι νηῷ· Κλάρος γὰρ εἴρηται παρὰ τὸ κεκληρῶσθαι τὸν τόπον Ἀπόλλωνι, ἡ ὅτι ἐκεῖ ἐκληρώσαντο Ζεὺς, Ποσειδῶν καὶ Πλούτων, ἡ ὅτι ἐκεῖ ἔκλαυσεν ἡ Μαντὼ σύν τῷ ἀνδρὶ Βακχιάδῃ διὰ τὴν τοῦ τόπου ἐρημίαν.
13	Πνυθείης ἀντὶ τοῦ πνῦθι, ἤγουν σύνες, γνῶθι, εὐκτικὸν ἀντὶ προστακτικοῦ, ακουε, μάθε· τὸ δ’ ἀκόνιτον ῥιζίον τί ἐστι βοτάνης ὅμοιον ἀγρώστιδι, οὗ ἡ πόσις πικρὰ οὖσα τὸ μὲν στόμα ἅπαν στύφει, τὴν δὲ καρδίαν δάκνει, τὸ δὲ πνεῦμα ὑπὸ καταψύξεως τοῦ πνεύμονος ἐπικόπτει, λυγμοὺς συνεχεῖς ἀποτελοῦσα· διὸ καὶ τὸν στόμαχον ἀεικίνητον ὄντα ἐμποδίζουσα κλείει, τὴν δὲ κοιλίαν πνευμάτων ἐμπίπλησι καὶ τὸν κῶλον, τοῖς δὲ κροτάφοις παλμὸν παρέχουσα καὶ τῇ κεφαλῇ βάρος καὶ τοῖς μέλεσιν ἱδρῶτας, ἔκφρονας ποιεῖ καὶ ἀσθενεῖς. Τὸ ἀκόνιτον εἶδος βοτάνης ἐστὶν, ὅπερ καλοῦσιν ἀπὸ τοῦ συμβεβηκότος πορδαλιαγχὲς διὰ τὸ ἀπόλλυσθαι ὑπ’ αὐτοῦ τὴν πόρδαλιν, ἐπειδὴ ἀντιφάρμακον ἔχει τὴν ἀνθρωπείαν κόπρον, καὶ οὐ πρότερον ἐσθίουσιν αἱ πορδάλεις, εἰ μὴ ἔχοιεν τὴν κόπρον πλησίον, ἵν’ εὐθέως προσενέγκοιντο τὴν βοήθειαν· οἱ οὖν νομεῖς τὸν ἀπόπατον ἐξάπτουσιν ἐκ δένδρων, εἶτα, ἐπειδὰν φάγωσιν αἱ πορδάλεις τὸ ἀκόνιτον καὶ ὁρμήσωσιν ἐπὶ τὴν κόπρον, ἀνασπῶσιν οἱ ποιμένες, καὶ περιαλλόμεναι τουτέστιν ἐπιπηδῶσαι ἀποθνήσκουσιν· ἱστορεῖ Ἀριστοτέλης ἐν τῷ ἐννεακαιδεκάτῳ περὶ ζώων ( H. A. IX 6, T. I, p. 612 ). Πνυθείης· τὸ ἀκόνιτόν φασιν ἐκ τοῦ ἐμέτου τοῦ Κερβέρου φυῆναι· ἱστορεῖται γὰρ τὸν Κέρβερον ἐξ ᾅδου ἀνενεχθέντα μὴ δύνασθαι ὑπομεῖναι τὰς αὐγὰς τοῦ ἡλίου καὶ ἐμέσαι, καὶ ἐκ τοῦ ἐμέτου ταύτην γενέσθαι τὴν βοτάνην. Ἀχέρων δὲ ποταμὸς ἐν Ἡρακλείᾳ τῇ Ποντικῇ, ἔνθα τὸν τοῦ Ἅιδου κύνα ὁ Ἡρακλῆς ἐξήγαγε, καὶ ὁ λόφος Ἀκόνιτος λέγεται.
14	Εὐβουλῆος δὲ τοῦ Ἅιδου κατ’ εὐφημισμόν.
15	Ἄστυρά τε· τὰ ἄστυρα πολίσματά εἰσι, καὶ χωρίον οὕτω λεγόμενον, ὁ δὲ Πριόλαος υἱὸς Λύκου βασιλέως Μαρυανδηνῶν, ὃς ἀπέθανεν ἐν Ἡρακλείᾳ τῇ Ποντικῇ, Ηρακλέους πολεμοῦντος τοῖς πλησίον, οὗ εἰς ὄνομα ὁ πατὴρ τὴν πόλιν ἐκάλεσεν ἐγγὺς οὖσαν Ἡρακλείας.
16	Ουρανόεσσαν δ’ ὑπήνην ἢ τὸ ἐπάνω τοῦ χείλους τρίχωμα, ἢ τὴν ὑπερῴαν, ἤτοι τὸν οὐρανίσκον καταχρηστικῶς.
19	Δύῃ· τῇ ταλαιπωρίᾳ δὲ τοῦ πάθους τὸ τῆς καρδίας ἄκρον ὑποδάκνεται. Ἄκρον νειαίρης· τῆς κοιλίης τῆς κατωτάτω, κατὰ τὸ ἄκρον καὶ ἄκλειστον στόμα τῆς νειαίρης γαστρὸς ἀειρόμενον τὸ φάρμακον, στόμα δὲ γαστρὸς ὁ στόμαχος, ποιητικῶς δ’ ἐξέφρασεν· ἡ δὲ κάκωσίς φησιν ἐπιτίθεται τῷ στόματι τῆς κοιλίας, ὁ δὴ διὰ παντὸς ἀνεῳργός ἐστιν.
21	Τεύχεος· τοῦ στόματος τῆς κοιλίας, ἢν οἱ μὲν καρδίαν καλοῦσιν, οἱ δὲ δοχεῖον τῶν ἐντέρων τῆς βρώσεως, λέγει δὲ τὸ κῶλον.
22	Πύλη δ’ ἐπικέκλιται· ἐμπέφρακται τῶν παχέων ἐντέρων ἡ εἴσοδος· τοῦτο γάρ φησιν, ὅτι φράττεται τὰ δοχεῖα μέρη τῶν σιτίων διὰ τὴν ἀλγηδόνα.
24	Νοτέων ὑπολείβεται ἱδρώς· παρακολουθεῖ δ’ ἀεὶ τοῖς τὸ ἀκόνιτον πεπωκόσιν ἐκ τῶν βλεφάρων καὶ τῶν μελῶν ὑγρὰ ὑπόσταξις, ἡ δὲ γαστὴρ πνευματουμένη καὶ ταρασσομένη τὰ μὲν πολλὰ τῶν πνευμάτων ἄνωθεν ἐκβάλλει, τὰ δὲ λοιπὰ κάτω πέμπει, ἅτινα κατὰ τὸν ὀμφαλὸν ἱδρυνθέντα ἐμφράσσει τὴν κοιλίαν.
27	Κράατι δ’ ἐν βάρος· πνευμάτωσις δὲ πολλὴ καὶ βάρος κεφαλῆς καὶ κροτάφων παλμός. Διπλόα δ’ ἀντὶ τοῦ διπλὰ ὁρᾷ, οἷα συμβαίνει τοῖς ἐσκοτωμένοις τῇ μέθῃ· οὕτω φησὶ βαρεῖται υπὸ τοῦ φαρμάκου ὁ πιὼν αὐτὸ, ὡς ἀνὴρ κραιπαλῶν.
30	Ἀγριόεσσαν ὀπώρην νῦν τὴν σταφυλὴν λέγει ἀντὶ τοῦ ἀγριοποιόν, ἐπειδὴ ὁ οἶος ἀγριοποιός ἐστι, καθάπερ λέγεται ἡ ἀγρία καὶ ὀρεινή Ὑποθλίψαντες δ’ ἤγουν ἐκπιέσαντες τὴν σταφυλὴν οἱ Σιληνοί, οὗτοι δ’ οὓς ἡμεῖς Σατύρους λέγομεν οἱ ἀρχαῖοι Σιληνοὺς ἐκάλουν ἀπὸ τοῦ σιλλαίνειν, ὅ ἐστι λοιδορεῖν, γράφεται δὲ διὰ τοῦ ι.
31	Κεραοῖο, ὅτι οἱ ἀρχαῖοι κέρασιν ἐχρῶντο ἐν τῇ πόσει ἀντὶ ποτηρίων, ὅθεν καὶ τὸ κεράσαι εἴρηται· ἢ διὰ τὸ ταυρωτικὸν τῶν πινόντων, τουτέστι τὴν ἀπὸ τοῦ οἴνου ἰσχὺν, ὡς κέρατα ἐχόντων, ὁ δὲ Διόνυσος καὶ ταυρόκερως λέγεται.
32	Θωρηχθέντες ἀντὶ τοῦ μεθυσθέντες· καὶ Ἱπποκράτης τὴν οἰνοποσίαν θώρηξιν εἴρηκεν ( Aphor. II 21 et saepius alibi ).
34	Νυσαίην ἀνὰ κλιτύν· ἤγουν ἀνὰ κλιτὺν τοῦ Νυσαίου ὄρους.
35	Ὡς οἵγε σκοτόωσιν· οὕτω φησὶ καὶ οἱ βεβρωκότες τὸ ἀκόνιτον διατίθενται ἔκφρονες.
36	Τὴν μέν τε· ταύτην μέντοι τὴν βοτάνην τὸ ἀκόνιτον καὶ μυοκτόνον καλοῦσι διὰ τὸ τοὺς περιλείχοντας αὐτὴν μύας φονεύειν.
37	Ὕρακας τοὺς μύας κατ’ Αἰτωλούς· λέγεται γὰρ ὗς ὁ χοῖρος καὶ ὕραξ, ὕρακας δὲ νῦν τοὺς μύας ἐκάλεσε, διότι παρεοίκασι χοίροις τὰ ῥάμφη. Λιχμήρεας δὲ τοὺς περιλείχοντας, καὶ ἀνιγροὺς τοὺς ἀνιαροὺς.
38	Πορδαλιαγχὲς λέγεται τὸ ἀκόνιτον, ἐπειδὴ τούτου αἱ πορδάλεις γευσάμεναι ἀποπνίγονται, ὥσπερ οἱ ἀγχόμενοι, ἅς ἡ τοῦ ἀνθρώπου κόπρος θεραπεύει, οἱ δὲ νομεῖς καὶ οἱ βουπελάται πορδαλιαγχὲς αὐτὸ ἔθηκαν, ἐπεὶ τοῖς θηρίοις τοῖς πελώροις, τουτέστι ταῖς πορδάλεσι ταῖς μεγάλαις, πορδαλιαγχὲς πότμον αὐτὸ ἔθηκαν, βουπελάται δ’ οἱ βουκόλοι παρὰ τὸ πλησιάζειν ταῖς βουσὶ καὶ κολλᾶσθαι αὐτοῖς. Ἰστέον, ὅτι ἡ πόρδαλις, ἐὰν φάγῃ τὸ ἀκόνιτον, ἀναιρεῖται· οὐ πρότερον οὑν ἐσθίει ἐξ αὐτοῦ, εἰ μὴ ἔχει πλησίον κόπρον ἀνθρωπείαν· ταύτῃ γὰρ κέχρηται ἀντιφαρμάκῳ· οἱ οὐν νομεῖς ἐξάπτουσι τὴν κόπρον εἰς δένδρον τοσοῦτον ὕψος, ὅσον οὐ δύναται ἡ πόρδαλις πηδῶσα φθάσαι· ὁρῶσα οὐν ἡ πόρδαλις τὴν κόπρον, ἄτε δὴ θαρροῦσα ἔχειν τὸ ἀντιφάρμακον, τρώγει τὸ ἀκόνιτον, εἶτα ὁρμᾷ ἐπὶ τὸ χρήσασθαι τῷ ἀντιφαρμάκῳ, καὶ οὐκ ἐφίκεται αὐτοῦ διὰ τὸ ὕψος· οὕτως οὖν ἐφαλλομένη καὶ πηδῶσα λαβεῖν τὸ φάρμακον μὴ δυναμένη διὰ τὸ ὕψος ἀποθνήσκει ἢ ἀτονεῖ· ἄτονον γὰρ τὸ ζῷον φύσει· καὶ οὕτως αὐτὴν σφάττουσιν οἱ νομεῖς.
40	Ἴδης ἐν κνημοῖσιν· ἐν τοῖς τόποις τῆς Ἴδης· κορυφαὶ δ’ ἤγουν ἐξοχαὶ τῆς Ἲδης τέσσαρες, Φαλάκρα, Λεκτὸν, Σίγειον, Γάργαρον· Φαλάκρα δ’ ἀκρωτήριοι Ἴδης· διὸ καὶ Λυκόφρων φησίν ( vs. 24 ). αἱ Φαλακραῖαι κόραι.
41	Θηλυφόνον, ὅτι, ἐὰν ἅψηται μορίου θήλεος, διαφθείρει τὸ ζῶον· παντός φησι ζώου θήλεος εἰς τὴν φύσιν ἐντιθέμενον τὸ ἀκόνιτον φθορᾶς σιτίον γίνεται. Κάμμορον· κακῷ μόρῳ ἀναιροῦν. Ἐν δ’ ἀκοναίοις· ἐν τοῖς τόποις, οἷς γίνοται αἱ ἀκόναι· ταύτας δὲ τὰς ἀκόνας οἱ μὲν ἐν Ἡρακλείᾳ φασὶ γίνεσθαι, οἱ δ’ ἐν Ἑρμιόνῃ, οἱδ’ ἐν Τανάγρᾳ.
42	Ὁρόγκοις δὲ τοῖς μετεώροις τόποις ἀπὸ τοῦ τοὺς ὀρεινοὺς τόπους ὄγκους ἔχειν, ἢ τοῖς τόποις τοῖς ἐξοχὰς ἔχουσιν. Ἐντεῦθεν δὲ λέγονται τὰ βοηθήματα καὶ ἀντίδοτα τοῦ ἀκονίτου.
43	Τῷ καί που τιτάνοιο· πάρεστιν ἐπὶ τὰ βοηθήματα τοῦ ποτίσματος τοῦ ἀκονίτου, καί φησι δράκα κονίας ἀσβέστου μιγνυμένην οἲνῳ βοηθήσειν τῷ πεπωκότι· τίτανος γὰρ ἡ ἄσβεστος.
44	Ὅτε νέκταρ κιρρόν· ὅτ’ οἶνον πυρρὸν ἐν τρυβλίῳ μετρηδὸν ἀντὶ τοῦ μετρήσας ἀφύσσῃς.
46	Θάμνου δ’ ἤτοι τοῦ θαμνώδους ἢ τοῦ θαμνώδη φύλλα ἔχοντος· καυλέα δὲ κλῶνας.
47	Χλοεροῦ πρασίοιο· τρία γένη εἰσὶ τοῦ πρασίου, δηλοῖ δὲ, τὸ ποῖον βούλεται λέγειν· φησὶν οὖν τὸ μελίφυλλον, ἐστὶ δὲ τοῦτο πικρὸν, οὗ τὰ φύλλα σὺν οἲνῳ ἔψησον, πληρώσας τὴν χεῖρα· ἡ ἀβροτόνου, καὶ ποτήριον πληρώσας δὸς πιεῖν.
48	Ἀειθαλέος δ’ ὅτι ἀεὶ χλωρά ἐστιν ἡ χαμελαία καλουμένη βοτάνη· τοῦ δὲ πηγανίου εἴδη εἰσὶ δύο, ἄδηλον δὲ, ποῖον λέγει· ὅμως δὲ καὶ αὐτὸ ληφθὲν εἰς ἥμισυ βάθος χειρὸς πλήρωμα καὶ μετ’ οἴνου ἑψηθὲν ἢ μέλιτος καὶ τεσσάρων ποτηρίων ἤτοι κοτυλῶν ποθὲν ὠφελεῖ.
50	Αἰθαλόεντα μύδρον· πεπυρακτωμένον σίδηρον, ἤτοι κεκαυμένον ἐναποσβεννύς φησιν εἰς ὕδω πῖνε. Τρύγα δὲ τὴν σκωρίαν λέγει. Πᾶν δ’ ὑγρὸν βάμμα καλεῖται, σημείωσαι, ὅτι μόνον βάμμα τὸ ὂξος· εἰ δὲ μετά τινος, δηλοῖ ᾧ μέμικται. Τὴν σκωρίαν τοῦ σιδήρου τρύγα φησὶν, ἥν ἐν τῷ καμίνῳ ἡ τοῦ πυρὸς φλὸξ ἐχώρισεν ἀπὸ τοῦ σιδήρου. Χοάνοιο διχῆ· τὸ μὲν γὰρ τοῦ χωνευομένου καθαρόν ἐστι, τὸ δ’ ἀκάθαρτον· διὸ καὶ διχῆ εἶπεν· καὶ ταύτην δὲ σβέσας ἐν μέλιτι. πότισον τὸ ἀπόβαμμα αὐτῆς τὸν κάμνοντα, καὶ χρυσοῦ δ’ ἢ ἀργύρου τὸ βάμμα τοῦ ἐληλασμένου καὶ ζέοντος. Τήν τε καμίνων· ἥντινα ἔντοσθεν τῶν καμίνων τοῦ χωνευτηρίου διχῆ ἢλασεν ἡ τοῦ πυρὸς λιγνύς. Ἄλλοτε δὲ χρυσοῖο· καὶ ἀπόβαμμα δὲ χρυσοῦ ἢ ἀργύρου πινόμενον ὠφελεῖ, λιγνὺς δ’ ἐστὶ κυρίως τὸ καπνῶδες τοῦ πυρὸς, νῦν δ’ αὐτὴ ἡ φλόξ
55	Θρίων· θρῖα δ’ ἰδίως μὲν τὰ φύλλα τῆς συκῆς, ὥσπερ οἵναρα τὰ τῆς ἀμπέλου, νῦν δὲ τὰ τῆς χαμαιπίτυός φησιν, ἢ καὶ ονόγυρος καὶ σιδηρῖτις λέγεται καὶ ἰωνιὰ ἀγρία. Ὀνίτιδα λέγει τὸ ὀρίγανον, δύο δὲ γένη ὀριγάνων, ᾦ ἡμεῖς χρώμεθα, ὁ καὶ ἥμερον λέγεται, καὶ ὅ οἱ ὄνοι σιτοῦνται, ὅ καὶ παρείληφεν, ὅ καὶ ὀνῖτις λέγεται, ἧς λαμβάνειν κελεύει τὰ φύλλα εἰς ἥμισυ πληροῦντα τὸ βάθος τῆς χειρὸς, ἢ τοῦ πολυκνήμου, ἢ τῆς χαμαιπίτυος, καὶ μετὰ τεσσάρων κοτυλῶν οἴνου ποτίζειν.
57	Ῥάδιξ ἡ ῥάβδος· πολύκνημον δ’ ἐστὶν οὕτω τι βοτάνιον παρὰ τοῖς ῥιζοτομικοῖς λεγόμενον, δύο δ’ αὐτοῦ διαφορὰς εἶναί φασιν οἱ τὰ ῥιζοτομικὰ γράψαντες.
59	Μυελόεντα· τὴν ἐκ τῆς ἑψήσεως σύντηξιν τῶν ὀρνιθείων σαρκῶν, ἢ τὸν ὡς μυελὸν γενόμενον ἐκ τῆς ἑψήσεως· κελεύει δὲ τὴν κατοικίδα ὄρνιν ἕψεσθαι, ἕως ἂν τακῇ αὐτῆς τὰ κρέα καὶ γένηται ὡς χυλὸς, καὶ τότε προσφέρεσθαι τὸν ζωμόν.
62	Καί τε βοός· καὶ μοσχαρίου κρέατα ἑψήσας περισφριγῶντος καὶ περιπλήθοντος τῷ λίπει πλήρωσον τὸ ποτὸν τοῦ ζωμοῦ· καθ’ ὑπερβολὴν γὰρ ὁ τοιοῦτος ζωμὸς ὠφελεῖ.
64	Βλασάμοιο· βαλσάμου φησὶ τὸν ὀπὸν δεῖ πίνειν μετὰ γάλακτος γυναικείου ἢ μεθ’ ὕδατος.
65	Θηλυτέρης πώλοιο· πρωτοτόκου γυναικός οὐ γὰρ ἵππου πάντως φησίν· ὅτι δὲ χρήσιμον τὸ γυναικεῖον γάλα, καὶ Ἑρασίστρατος μαρτυρεῖ ἐν τῷ περὶ θανασίμων. Τὸ δ’ ἑξῆς· ἐν ταῖς σταγόσι τοῦ βαλσάμου ποτὸν χέας γάλακτος θηλυτέρας πώλου, ἤτοι τῆς ἀνθρώπου.
66	Χεύῃ· προεμέσῃ, πιὼν τούτων ἑκάτερον, προσφερόμενον χρησίμως οὐχ ἁπλῶς, ἀλλὰ μετὰ τὸ ἐμέσαι. Παναεργέα δ ἀργὸν, ἀνέψητον, ἀδιέργαστον, ἀδιάπεπτον.
67	Δερκευνέος δὲ τοῦ ὁρῶντος ἐν τῷ κοιμᾶσθαι· τοῦ δερκευνέος φησὶ σκίνακος, ὅ ἐστι τοῦ σκιρτητικοῦ λαγωοῦ, τοῦ ἐν τῷ κοιμᾶσθαι βλέποντος, καθάπερ ὁ λέων καὶ ὁ ὄφις.
69	Ἄλλοτε καὶ μορέης· καὶ συκαμίνου προστάσσει τὰς ῥίζας λαμβάνειν καὶ ἐν ὅλμῳ ξυλίνῳ κόπτειν ὁμοῦ, καὶ ἕψειν μετ’ οἴνου καὶ διδόναι πιεῖν μετὰ μέλιτος· λέγει δ’ οὐχ ἀπλῶς τὰς ῥίζας τῆς συκαμίνου. ἀλλὰ τὸν φλοιὸν τῆς ῥίζης.
74	Τοῦ ψιμμυθίου φαρμάκου ἢ χροιὰ λιπαρῷ γάλακτι ἔοικεν ἀμελχθέντι νεωστὶ ἐν κισσυβίῳ καὶ ἔτι ἀφρίζοντι. 
77	Πελλίσι δὲ σκαφίσι, ποιμενικοῖς ἀγγείοις, ἐν οἷς τὸ γάλα ἀμέλγεται. Ὅμηρος ( Il. π 642 ) περιγλαγέας κατὰ πέλλας. Γρώνῃσι δὲ κοίλαις καὶ βαθείαις καὶ δεκτικαῖς.
78	ούτου φησὶ, τοῦ λαμβάνοντος τὸ δηλητήριον τοῦ ψιμμυθίου, τὰ ἔνδον τῶν σιαγόνων καὶ ὅπου τὰ οὖλα ῥυσσαίνεται ὁ ἀφρὸς τοῦ ψιμμυθίου ἐπιστύφων ἐμπελάζει. Ἂλλως· οὐ τὰς ἐκτὸς λέγει, ἀλλὰ τὰς ἐντὸς, ὅπου οἱ ὀδόντες εἰσίν· διὸ καὶ ῥᾳδίως ῥυτιδοῦνται ὑπὸ τοῦ ψιμμυθίου ψυχόμεναι, ὡς ξηρανθεῖσαι· ὁ γὰρ ἀφρὸς αὐτοῦ ὡς λεπτομερὴς περικαθίζει τοῖς οὔλοις.
79	Ἀμφὶ δ’ ὁλκός· περιφραστικῶς τὸ μῆκος καὶ ἡ παράτασις τῆς γλώσσης ἡ μὲν γλῶσσά φησι τραχύνεται, ὁ δὲ νέατος ἰσθμὸς, τουτέστιν ὁ ἔσχατος, ἤγουν τὰ παρίσθμια, ἅ λέγεται ἐγγὺς εἶναι τοῦ φάρυγγος, ὑποξηραίνεται ἢ τραχύνεται.
81	Ξηρὰ δέ· βήσσων διὰ χέλυος, τουτέστι τοῦ στήθους, τὴν ἀναφορὰν τῶν ἐρυγμάτων ποιεῖται ἄπαυστον· καὶ Ἱπποκράτης· ἀναχελύσσεται καὶ ἐρυγγάνει θαμινὰ πνεύματα· καὶ τῆς κιθάρας τὸ στῆθος χέλυς λέγεται. Χελλύσσεται· τὸ στῆθος πάσχει. Ἂλλως· χελλύσσεται, τουτέστι διὰ τὴν χέλυν τὴν ἀναφορὰν ποιεῖται βήσσων.
82	Ἀβλεμὲς δ’ ἀντὶ τοῦ ἀδρανὲς, ὡς ἀπὸ τοῦ βλεμαίνω
84	Ἄλην ἑτερειδέα· πλάνην ἀλλοειδῆ βλέπει, ἐνεργημάτων μὴ ὑποκειμένων φησὶν ὁρατικὴν φαντασίαν γίνεσθαι, δοκεῖ δὲ τοῖς ὀφθαλμοῖς ὁρᾷν φανταζόμενος μὴ ὑποκειμένων ἐνεργείᾳ τινῶν πραγμάτων.
85	Ὑπναλέος· ἄλλοτε δ’ ὥσπερ κοιμώμενος ἀποψύχεται τὸ σῶμα καὶ ψυχροῦται ὅλος καταβαρούμενος ὕπνῳ, τῷ καμάτῳ δ’ εἴκων ὑποδάμναται.
87	Πρημαδίης· πρημαδίη καὶ ὀρχὰς καὶ μυρτίνη εἴδη ἐλαιῶν εἰσιν, οὐδὲν δὲ διαφέρει ἐκ τούτων λαμβάνειν τὸ ἔλαιον, ἢ ἐξ ὁποίας ποτέ· οἱ γοῦν περὶ τούτων πεπραγματευμένοι ψιλῶς ἀντὶ τοῦ φανερῶς παραγγέλλουσιν. Εἶαρ ὑπὸ τῶν νεωτέρων τὸ αἷμα, τὸ λίπος· καὶ Καλλίμαχος ἐλαίας τὸ αἶμα τὸ δαῦον εἶπεν· πολλάκι δ’ ἐκ λύχνου πῖον ἔλειξαν ἔαρ. καὶ ἡ μυρτίνη ἥδ’ ἐλαία ἐστὶ βραχὺν ἔχουσα καρπόν.
91	Γρῆυν· τὸ πεπηγότα ἀφρὸν τοῦ γάλακτος ἀπγράισον, ἤτοι τὸ πεπηγὸς τοῦ γάλακτος ἀπογράισον, γραῦς δ’ ὁ ἐπὶ τοῦ γάλακτος γινόμενος πάγος, ἐπειδὴ ῥυτιδοῦται, ὥσπερ ταῖς γραυσὶ τὸ σῶμα συμβαίνει ῥυτιδοῦσθαι· τὸ ἐπιπολάζον τῷ γάλακτι, ὅ οἱ Σικελοὶ σῦφαρ καλοῦσιν, ἀφελοῦ, καὶ οὕτω τὸ γάλα δὸς πιεῖν.
93	Χυλῷ ἐνὶ κλώθοντι· τῷ ὡς νῆμα κλωθομένῳ χυλῷ τῆς μαλάχης μετ’ οἴνου κόρεσον τὸν κακηπελέοντα, ἤτοι τὸν κακῶς ἔχοντα ἡ πάσχοντα.
95	Κελεύει κονίαν ἀπὸ τῶν κλημάτων πλύναντα καλαμίνῳ καλάθω διυλίζειν, καὶ μεθ’ ὕδατος θερμάναντα διδόναι πίνειν· δοκεῖ γὰρ ἡ κονία ἤγουν ἡ τέφρα ἤτοι στακτὴ ἀπορρύπτειν ἀπὸ τῶν σωμάτων πᾶν τὸ περιπλασσόμενον τοῦ ψιμμυθίου τοῖς σπλάγχνοις· ῥύμμα δὲ τὸ σμῆγμα, τὸ κάθισμα, τὸν ῥύπον· φησὶ δὲ πλύνεσθαι τὴν τέφραν τὴν κληματίνην καὶ διηθεῖσθαι ἐν τοῖς κόλποις τοῦ νεοπλεκοῦς καλάθου διὰ τὴν ἰλύν.
99	Σκλήρ’ ἀπὸ περσείης· γράφεται καὶ ξήρ’ ἀπὸ περσείης· ἐν τοῖς τῶν περσεῶν λέπεσιν· οἱ πολλοὶ ὀστέον καλοῦσιν· ἐστὶ δ’ ὅμοιον καρύῳ· Θεόφραστος οὖν ἐν τῷ τετάρτῳ τῶν φυτικῶν ( II. P. IV, 2, § 5 ) κάρυον αὐτὸ προσηγόρευσε, κάρυα δὲ λέγονται ὅλα τὰ ξυλῶδες λέπος ἔχοντα. Περσείης δ′ εἶπε τὸ ἀρχαῖον ἀπὸ τοῦ Θεοδοσιακοῦ Νικάνδρου μεταγεγραμμένον.
101	Τῶν ἄλλων ἱστορούντων τὴν περσείαν καταφυτεῦσαι τὸν Περσέα ἐν Αἰγύπτῳ ὡς καὶ Καλλίμαχος· καὶ τριτάτη Περσῆος ἐπώνυμος, ἧς ὀρόδαμνον Αἰγύπτῳ κατέπηξεν· ὁ Νίκανδρός φησιν ἐν Μυκήναις καταφυτευθῆναι. Γονόεντα Μεδούσης· ἐπειδὴ ὁ αὐχὴν τῆς Μεδούσης Γοργόνος ἀποτμηθεὶς ἐγέννησε τὸν Χρυσάορα καὶ τὸν Πήγασον ἵππον, ὡς Ἡσίοδος ( Θεογ. 280 et 281 )· ἐκ γὰρ τοῦ αἵματος αὐτῆς οὗτοι ἐγένοντο.
103	Μύκης κυρίως τὸ ἄκρον τοῦ ξίφους, τὸ κατακλεῖον τὴν θήκην Ἂλλως· ἀπὸ τοῦ μύκητος τοῦ ξίφους φησὶ πεσόντος ὠνομάσθαι τὰς Μυκήνας, τινὲς δ’ ἀφ’ ἡρωίδος Νύμφης, ἧς μέμνηται καὶ Ὅμηρος ( Od. β 120 )· Τυρώ τ’ Ἀλκμήνη τε ἐυστέφανός τε Μυκήνη· Λάγγεια δὲ κρήνη τοῦ Ἄργους. Διὸς παιδὶ τῷ Περσεῖ· ζητῶν δὲ τὴν λαβὴν τοῦ ξίφους περιέτυχε τῇ πηγῇ.
106	Ἀκοσταῖς, πεφρυγμέναις κριθαῖς, βούλεται δὲ τὴν ἐκ κριθῆς πτισάνην λέγειν· ἀκοσταῖς οὐν ταῖς κριθαῖς παρὰ τὸ ἄκος ποιεῖν τοῖς νοσοῦσι πινομέναις, ὅθεν καὶ τὸ ἀκοστήσας, οἷον κριθιάσας, ἡ ἴαμα τῆς στάσεως εὑρών.
107	Γερραίης δὲ τῆς Ἀραβικῆς· Γέρρα γὰρ πόλις τῆς Ἀραβίας. Λιβάνοιο χύσιν, ἐπεὶ περίκειται τοῖς κλάδοις τὸ δάκρυον τῆς λιβάνου.
108	Καρύης δ’ οἱ μὲν τῆς καθ’ ἡμᾶς λεγομένης, οἱ δ’ ἄλλου τινὸς δένδρου ξυλολεπῆ φέροντος καρπόν· κάρυον δ’ ὁμωνύμως λέγεται καὶ τὸ δένδρον καὶ ὁ καρπὸς, ὥσπερ ἐλαία τό τε κότινον καὶ τὸ ἐσθιόμενον.
109	Πτελέης· ἀπὸ κοινοῦ τὸ δάκρυον· ὀσχοφόροι δὲ λέγονται Ἀθήνησι παῖδες ἀμφιθαλεῖς ἁμιλλώμενοι κατὰ φυλὰς, οἳ λαμβάνοντες κλήματα ἀμπέλου ἐκ τοῦ ἱεροῦ τοῦ Διονύσου ἔτρεχον εἰς τὸ τῆς Σκιράδος Ἀθηνᾶς ἱερὸν, νῦν δ’ ὁ Νίκανδρος ὄσχας λέγει τὰ τῆς πτελέας κλήματα. Ὂσχαι κυρίως οἱ κλάδοι τῆς ἀμπέλου, νῦν δὲ καταχρηστικῶς καὶ ἐπὶ τῆς πτελέας εἶπε τοὺς κλάδους ὄσχας. Κόμμι δὲ τὸ κομμίδιον· οὕτω γάρ ἐστιν ἡ σύστασις αὐτοῦ, ὡς κόμμεως.
111	Ὁ νοῦς οὗτος· ὅπως φησὶ τὰ μὲν ἐμέσῃ, τὰ δὲ πέψη, ἐκλυθεὶς ἐν ἑψητοῖς ὕδασι, τουτέστι λουτροῖς· ὅτε γὰρ ὑγρανεῖ τὸ σῶμα ὁ ἱδρὼς, τουτέστι μετὰ τὸ ἱδρῶσαι αὐτὸν εἰς τὸ προμάλακτον, ἵνα εὐθέως ἐμβαίνῃ εἰς τὴν ἔμβασιν, καὶ χρονίσῃ, μέχρις ὅτου ἐκλυθῇ καὶ διαπέψῃ.
115	Κανθαρίδος· κανθαρίδες εἰσὶ τὰ κοπροφόρα καὶ σιτοφθόρα ζῶα οἱ λεγόμενοι κάνθαροι, ὧν ἡ μὲν ὀσμὴ ὁμοία ἐστὶ πίσσῃ χυτῇ, ὅ ἐστι τῷ ὑγροπίσσῳ, ἡ δὲ γεῦσις κεδρίσιν· μηδαμῶς οὖν φησιν ἐκεῖνο τὸ ποτὸν δέξαιο· τὰ ψήγματα δὲ τῆς κέδρου κεδρία λέγει κάρφη.
119	Ἀντὶ τοῦ ποτὲ μὲν δηγμὸν ποιοῦσιν ἐπὶ τῷ διύγρῳ ποτῷ ποθέντι τῷ χείλει, ποτὲ δὲ περὶ τὰ νείατα καὶ ἔσχατα τῆς γαστρὸς, τουτέστι περὶ τὸ στόμα αὐτῆς, ἤγουν περὶ τὸν στόμαχον· οἱ μὲν οὖν στόμαχον, ἄλλοι δὲ πύλην, ἄλλοι δὲ δοχεῖον βρωμάτων τὴν γαστέρα ὀνομάζουσιν· ἐκ δὲ τοῦ στόμια κατὰ συγκοπὴν γίνεται στόμα, ὡς μηρία μηρά.
123	Χόνδρος· τοῦ στομάχου ἔντερον, ὅθεν καὶ ὑποχόνδριά φαμεν, ἢ μέρος τοῦ θώρακος, μεθ’ ὁ τὰ ὑποχόνδρια· ἀπὸ κοινοῦ δὲ τὸ δάκνεται.
124	Ἄλη δέ φιν· τό φιν παρέλκει· περιφραστικῶς δ’ ἤθεα φωτὸς ἀντὶ τοῦ τὸν φῶτα, ὅ ἐστι τὸν ἄνδρα.
126	Οἷά τε δὴ γήρεια· οὕτω φέρεται αὐτῶν ἡ γνώμη, ὡς ἀκάνθης ἄνθος· γήρεια δὲ τὰ ἄνθη τὰ λευκὰ καὶ πολιοειδῆ, πάππος δ’ ὁ καυλὸς αὐτῶν, ἐξ οὑ θρύπτονται καὶ πίπτουσιν, ἢ αὐτὴ ἡ σύστασις.
128	Τούτῳ δέ φησι τῷ φαρμασσομένῳ σὺ τὸν γλήχωνα ταῖς ποταμίαις νύμφαις τεύξας κυκεῶνα (τουτέστι γλήχωνα μεθ’ ὕδατος· ἐμπληδήν δ’ ἀντὶ τοῦ πληρώσας) πόροις, ὅ ἐστι δίδου.
130	Νηστείρης Δηοῦς· ἰστέον, ὅτι τῆς Κόρης, ἤγουν τῆς Περσεφόνης, ἁρπαγείσης ὑπὸ τοῦ Πλούτωνος ἡ μήτηρ αὐτῆς ἡ Δηὼ περιήρχετο νῆστις ζητοῦσα αὐτήν, ὑπεδέχθη δ’ ἐν τοῖς οἴκοις τοῦ Ἱπποθόωντος, ὃς ἦν υἱὸς τοῦ Ποσειδώνος ἐξ Ἀλόπης τῆς Κερκυόνος, ὑπὸ τῆς γυναικὸς αὐτοῦ Μετανείρας, ἥτις Μετάνειρα παρέθηκεν αὐτῇ τράπεζαν καὶ ἐκέρασεν αὐτῇ οἶνον ἐπὶ τῇ θλίψει, ἡ δὲ θεὸς οὐκ ἐδέξατο, λέγουσα μὴ θεμιτὸν εἶναι πιεῖν αὐτῇ οἶνον ἐπὶ τῇ θλίψει τῆς θυγατρὸς, ἀλφίτων δ’ αὐτὴν κυκεῶνα ἐκέλευσε κατασκευάσαι, ὃν δεξαμένη ἔπιεν· Ἰάμβη δέ τις δούλη τῆς Μετανείρας ἀθυμοῦσαν τὴν θεὸν ὁρῶσα γελοιώδεις λόγους καὶ σκώμματά τινα πρὸς τὸ γελάσαι τὴν θεὸν ἔλεγεν· ἦσαν δὲ τὰ ῥηθέντα ὑπ’ αὐτῆς ἰαμβικῷ μέτρῳ ῥυθμισθέντα, ὅπερ αὐτὴ πρῶτον εἶπεν, ἐξ ἧς καὶ τὴν προσηγορίαν ἔλαβον ἴαμβοι λέγεσθαι· Ἰάμβη δὲ θυγάτηρ Ἠχοῦς καὶ Πανὸς, Θρᾷσσα δὲ τὸ γένος. Μορόεν δὲ ποτόν, τὸ ἐν κακοπαθείᾳ δοθέν· ὅτι δὲ διὰ γλήχωνος ἔπιεν ἡ Δημήτηρ τὸν κυκεῶνα καὶ διὰ τὴν χλεύην τῆς Ἰάμβης ἐγέλασεν ἡ θεὰ, ἐν τοῖς εἰς Ὅμηρον ἀναφερομένοις ὕμνοις λέγεται ( Hymm. in Cer. 192 sqq. ). 
132	Ἀθύροισιν· υπὸ τοῖς παγνιώδεσι λόγοις τῆς Θρᾳκικῆς Ἰάμβης, καὶ τὰ ἑξῆς.
134	Ἐυτροχάλοιο δὲ λίνου· τουτέστι τὴν κεφαλὴν ἑψηθεῖσαν σπέρματι λίνου ἤτοι τῷ λινοσπέρμῳ καλουμένῳ· γράφεται καὶ εὐτροχάλοιο λίνοιο. Μορόεν ἢ τὸ μετὰ πόνου γινόμενον καὶ ἑψόμενον, ἢ μορίδιον ἀντὶ τοῦ αἲσιμον, ὅ ἄν τις ἐπὶ τοῦ συμφέροντος ἐκδέξαιτο, ἢ τὸ ἁρμόζον τῷ πάθει. Ὅμηρος ( Od. η 227 et ν 48 )· ἐπεὶ κατὰ μοῖραν ἔειπεν.
135	Χιμαίρας, αἰγάγρου.
137	Εἰς δ’ ἔμετον· ἀντὶ τοῦ ἕως ἐμἐσῃς κορέσθητι, τὰ δὲ φάρμακα ἀθρόα κάτωθεν ἀναβάλλοις ἐμματέων, τοὺς δακτύλους καθιεὶς διὰ τοῦ στόματος εἰς τὴν φάρυγγα· ἐμμάττειν γάρ ἐστι τὸ καθιέναι τοὺς δακτύλους εἰς κοῖλον τόπον. Ὅμηρος ( Il. υ 425 )· ἐγγὺς ἀνὴρ, ὅς ἐμόν γε μάλιστ’ ἐπεμάσσατο θυμόν, τουτέστι καθήψατο τῆς ψυχῆς, καὶ οἷον ἐνέβαλλεν εἰς αὐτὴν χεῖρα. Ἄλλως· ἐμματεῖν ἐστι τὸ εἴς τι καθιέναι καὶ ἅπτεσθαί τινων· βούλεται ουν δηλοῦν τὸ καθιέντα τοὺς δακτύλους ἐμεῖν βιάζεσθαι, ἔτι τοῦ ληφθέντος ἐν τῇ κοιλίᾳ παρακειμένου καὶ μήπω διὰ τῆς πύλης ὡρμηκότος πρὸς ἀνάδοσιν· τότε γὰρ μετ’ αὐτῆς τῆς τροφῆς συνανενεχθήσεται καὶ τὸ φάρμακον. Μεμιασμένα δὲ δόρπα ἀντὶ τοῦ ἄπεπτα καὶ ῥυπαρά· καὶ μεμιασμένα τὰ δόρπα τοῖς ἰοβόλοις φαρμάκοις ἐν τῇ πύλῃ τῆς γαστρὸς ἀναβάλλοις, καθιεὶς τοὺς δακτύλους.
139	Νεωστὶ ἀμελχθὲν γάλα βαλὼν ἐν ἐργαλείῳ δὸς ἔνεμά φησι διὰ τῆς ἔδρας, ὅπως ὑπάρδῃς τὴν γαστέρα· ἀφόρδια γὰρ τὰ ἀφοδεύματα, οἱονεὶ τὰ ἄποθεν τῆς ὀδοῦ, ὥσπερ καὶ ἀποπατήματα τὰ ἄποθεν τοῦ πάτου, ἤγουν τῆς ὀδοῦ. Ὅμηρος ( Il. ζ 202 )· πάτον ἀνθρώπων ἀλεείνων.
142	Κόψαι κελεύει κλήματα ἀμπέλου χλωρὰ σὺν τοῖς φύλλοις καὶ ἐν γλεύκει ἢ μέλιτι ἑψήσαντα δοῦναι πιεῖν· τοῦτο γὰρ παραδεκτέον.
145	Ψαφαρῆς δὲ ῥίζια γαίης· τῆς πετρώδους καὶ ὀρεινῆς γῆς· ἐν τοιαύτῃ γὰρ γῇ ἡ βοτάνη γίνεται.
146	Διὰ παντὸς τραχύτητα ἔχοντα. Ὕψι τέθηλε, τουτέστι τοῖς κλωσὶν ὑψηλήν· τὴν τοιαύτην γοῦν βοτάνην ἤγουν τὸ σκορπίουρον δὸς τῷ πεφαρμαγμένῳ ἑψηθεῖσαν μετὰ μέλιτος πιεῖν.
147	Η μολόθουρος βοτάνη ἐστὶν, ἀειθαλὴς δέ· διὸ καὶ Εὐφορίων φησίν· πτῶκες ἀειχλωροῖσιν ἰαύεσκον μολοθούροις. Ἔνισχνα δὲ καύλεα ἀντὶ τοῦ ἰσχνὰ καὶ καλαμώδη καὶ λεπτὰ καυλεῖα ποιεῖ· τὰ γὰρ εἰς ὕψος ἀνατρέχοντα φυτὰ λεπτὰ καυλεῖα ποιοῦσιν.
149	Παρθενία οὐκ αὐτὴ ὅλη ἡ Σάμος, ἀλλά τις ἐν αὐτῇ εὑρεθεῖσα γῇ. Φυλλὶς δὲ τὸ καλούμενον γεωφάνιον ἐν Σαμοθράκῃ καὶ Μελίφυλλον ἐκαλεῖτο, Νίκανδρος δὲ φυλλίδα καλεῖ· κελεύει οὐν τέσσαρας δραχμὰς Σαμίας λαμβάνειν. Παρθενία γὰρ ἡ Σάμος ἐκαλεῖτο καὶ φυλλὶς μία τῶν Νυμφῶν. Τὸν Σάμιον ἀστέρα λέγει, ὃν δοκεῖ κριὸς ἐν Σάμῳ εὑρηκέναι· Φυλλὶς γὰρ ἡ Σάμος· ἢ φυλλάδα τὴν βοτάνην ἰδίως καλεῖ, ἥν τιυες μελιτόφυλλόν φασιν, ἧς τὸ χρήσιμον ἀστὴρ λέγεται· ἢ Φυλλὰς οὖν ἡ Μελάμφυλλός ἐστιν.
150	Ἰμβρασίδος· τῆς Σαμιακῆς, (Ἴμβρασος γὰρ ποταμὸς ἐν Σάμῳ) ἥν κριὸς λέγεται εὑρηκέναι, ταύτης δὲ τὸ χρησιμώτερον ἀστὴρ καλεῖται, ἐξ ἧς βούλεται ἡμᾶς ὁ Νίκανδρος λαμβάνειν.
151	Ἀμνός ἐστιν ὁ μηδέπω κέρατα ἔχων· πῶς οὖν οὗτος κεράστην εἶπεν αὐτὸν οὐκ ὀρθῶς; Χησιεῖς δὲ πρῶτον ὤκησαν ἐν Σάμῳ, εἶτα Ἀστυπαλαεῖς.
153	Διπλήρεα· διπλῆν κελεύει πόσιν τῶν τεσσάρων δραχμῶν δοῦναι, ὅ ἐστιν ὀκτὼ δραχμῶν, καὶ σὺν τῷ ἑψήματι πηγανίου κλῶνας διδόναι, καὶ ῥόδινον μύρον ἢ ἴρινον μύρον.
155	Ὀργάζων δ’ ἀντὶ τοῦ μιγνύων τὴν γῆν τὴν Παρθενίαν, ἢ καταβρέχων ἐλαίῳ ῥοδίνῳ. Ἄλλως. τῷ ἀπ’ ἲριδος γινομένῳ μύρῳ, ἤγουν ἐλαίῳ, τουτέστι τὸ ῥόδινον ἔλαιον μίξας ἄλειψον μετὰ πηγάνου κλάδων.
157	Πάσηται· ὡς πρὸς δεύτερων πρόσωπον ἀποτείνεται περὶ τρίτου τινὸς, περὶ τοῦ ἀγρίου δὲ κορίου τῆς βοτάνης λέγει· εἴδη γὰρ ταύτης εἰσὶ δύο, ἥμερόν τε καὶ ἄγριον, ὧν τὸ μὲν ἥμερον εὐῶδές ἐστι καὶ ἡδὺ, τὸ δ’ ἄγριον παραπλήσιον τῷ ἡμέρῳ, πλατυφυλλότερον δὲ καὶ εὐμηκέστερον καὶ πολλὰς ἔχον παραφυάδας καὶ πολύρριζον καὶ πολυανθὲς, τοῦτο δὲ βρωθὲν ἢ ποθὲν ἢ ἄλλως πως προσενεχθὲν θανάσιμον.
158	Ἀφραδέως δ’ εἶπεν, ὅ ἐστιν ἀφρόνως καὶ ἀπείρως· τὸ γὰρ χύλισμα τοῦ κορίου τῆς γεύσεως ἀλλότριον ὑπάρχον οὐ δύναται λαθεῖν διδόμενον, εἰ μή τις αὐθαιρέτως αὐτὸ βουληθείη λαβεῖν ἐν καιρῷ περιστάσεως.
160	Λαβράζουσι· ἐν τῷ δήμῳ λάβρως φωνοῦσιν· καὶ Ὅμηρος ( Il. ψ 474 )· τί πάρος λαβρεύεαι; καὶ Αἰσχύλος ( Prometh. 327 )· μὴ λαβροστόμει. Παραπλῆγες δ’ ἀντὶ παράφρονες, τὸ δ’ ἑξῆς παραπληγέες τῷ οἴστρῳ, ὁ δ’ οἶστρος ζῶόν τί ἐστι παραπλήσιον μεγίστῃ μυίᾳ, κέντρον ἔχον ἐπίμηκες.
161	Ὀξὺ δὲ μέλος τὸ διατεταμένον καὶ μέγα. Ἀταρμύκτῳ ἀφόβῳ, ἀπὸ δὲ τοῦ τάρβους καὶ τοῦ μύειν συντέθειται ἡ λέξις.
163	Πράμνιος δ’ οἶνος ἀπ’ ἀμπέλου πραμνίας, ἣν καὶ ψιθίαν τινὲς καλοῦσιν. Αὐτοκρηὲς δ’ ἀντὶ τοῦ αὐτοκέραστον, ἀμιγὲς, ἄκρατον.
164	Ἀντὶ τοῦ πεπληρωμένον τοῦ θαλασσίου ὕδατος τὸ τρυβλίον.
165	Γράφεται καὶ ἀλαλὴν, ἤτοι ὅτι ἐστέρηται τοῦ λαλεῖν, ἢ ὅτι χωρὶς στεναγμοῦ τίκτει. Ορταλίχων νῦν τὰς ὄρνιθας λέγει· οὐ γὰρ τὰ νήπια ὠοτοκεῖ, ἀλλὰ τὰ τέλεια, κελεύει δὲ τὸ ὠὸν κενῶσαι, καὶ ἀφρὸν θαλάσσης συμμιγνύντα κεράσαι, ὅστις ἀφρὸς τροφὴ τοῦ κέπφου ὢν καὶ θανάτου αὐτῷ παραίτιος γίνεται· οἱ γὰρ ἁλιεῖς χερσὶ τὸ θαλάσσιον ὕδωρ ἀνακλύζοντες ἀφρὸν προσενεγκεῖν καταναγκάζουσι, καὶ τοῦτον δολίως τῷ κέπφῳ προτείνουσιν, ὁ δὲ τὸν ἀφρὸν λαβεῖν ἐφιέμενος εἰς τὰς χεῖρας αὐτῶν ἔρχεται καὶ οὕτω θηρεύεται· ὁ δὲ κέπφος θαλάσσιόν ἐστιν ὄρνεον παραπλήσιον λάρῳ, ὅπερ ὡς εἴρηται ὑπὸ τῶν ἁλιέων ἁλίσκεται· χραινόντων γὰρ καὶ ποιούντων ἀφρὸν προσέρχεται τῷ ἀφρῷ, καὶ οὕτως ἁλίσκεται. Ἁπαλὴν δ’ ὠδῖνα τὴν στερουμένην βίας, ἐπεὶ τίκτουσιν ἄνευ ἀλγηδόνος
171	Ἀγλεύκην· ἀγλυκῆ καὶ πικρὰν καὶ ἐστερημένην γλεύκης, ὅ ἐστι γλυκύτητος.
172	Ἀτμεύειν δὲ δουλεύειν, ὑποκεῖσθαι· ἀτμένες γὰρ οἱ δοῦλοι ὅτι δὲ δουλεύει ἡ θάλασσα καὶ τὸ πῦρ ἀνέμοις, κατὰ θεῖον νόμον δηλονότι, τοῦτο δὲ καὶ Ἡράκλειτος καὶ Μενεκράτης εἴρηκεν.
174	Ἀργεστὰς, οἱονεὶ τοὺς ἀνέμους. Ἀχύνετον δὲ τὸ πολύχυτον· τὸ γὰρ α ἐπιτατικόν ἐστιν· ἐκτίθεσθαι οὖν βούλεται διὰ τούτων καὶ Ἡράκλειτος, ὅτι πάντα ἐναντία ἀλλήλοις ἐστὶ κατ’ αὐτόν.
175	Ἀκοσμήεσσα ἡ ἀκόσμιος, ἡ ἄτακτος, ἡ μὴ κοσμίως κινουμένη. Φιλοργὸς δὲ διὰ τὸ ῥοῶδες, ἡ φιλοῦσα ὀργίζεσθαι καὶ ὀργᾷν καὶ μαίνεσθαι διὰ τὰς τρικυμίας.
176	Δεσπόζει νηῶν· τῇ γὰρ θαλάσσῃ ὑπόκεινται τὰ πλοῖα, τῷ δὲ πυρὶ ἡ ὕλη. Ἐμφθορέων δ’ αἰζηῶν, τῶν ἐν θαλάσσῃ φθειρομένων.
177	Ἡ δ’ ὕλη ὑπακούει καὶ πείθεται κατὰ τὸν θεσμὸν τοῦ ἐχθομένου πυρὸς, οὐ καθόλου δὲ τὸ πῦρ ἐχθόμενον λέγει, ἀλλὰ τῇ ὕλῃ ἐχθόμενον διὰ τὸ ἀφανίζεσθαι αὐτὴν ὑπ’ αὐτοῦ.
178	Ἀτμένιον· πολυδούλευτον καὶ πολυκατέργαστον ἤτοι τὸ μετὰ πολλοῦ καμάτου γενόμενον διὰ τὴν τοῦ ἐλαίου σκευασίαν, ἢ ὃ οἱ δοῦλοι καὶ οἱ γεωργοὶ κατεσκεύασαν· οἱ δὲ τὸ θαλάσσιον ὕδωρ, ἐπεὶ καὶ ἀνωτέρω εἴρηται· ἥν τε καὶ ἀτμεύειν (172)· κελεύει δ’ ἔλαιον μιγνύντα μετ’ οἴνου νεωστὶ πεπατημένου πίνειν, ἡ χιόνα μετὰ γλεύκεος.
180	Ζάγκλῃσι· ταῖς δρεπάναις τῶν τρυγητῶν.
181	Ῥυσαλέην δὲ τὴν ἐρρυσσωμένην, ἤτοι τὴν πεπανθεῖσαν καὶ πέπειρον. Ἑδανοῖο τοῦ ἡδυτάτου, τοῦ γλεύκους Ψιθία δ’ εἶδος ἀμπέλου, ἥτις καὶ πραμνία λέγεται. Ἑλίνοιο, τοῦ κλάδου τῆς ἀμπέλου.
182	Κείροντες· κόπτοντες πατοῦσι καὶ πιέζουσι τῷ καιρῷ, ὅτε ῥοιζηδὸν αἱ μέλισσαι ἐπὶ ταῖς ῥαξὶ τῶν βοτρύων πεσοῦσαι νέμονται τὸ γλεῦκος.
183	Πεμφρηδὼν δὲ ζῶόν ἐστι τῶν σφηκωδῶν, μεῖζον μὲν μύρμηκος, μελίσσης δ’ ἔλασσον, ἐπτέρωται δὲ καὶ ποικίλην ἔχει λευκῷ καὶ μέλανι τὴν ἐπιφάνειαν, τοῦτο δὲ κατὰ τὴν ὀρεινὴν νεμόμενον δρέπεται ἀπὸ τῶν ἐν τοῖς ἄγκεσι θάμνων παντοῖα ανθη, καὶ φερόμενον εἰς τὰς κοίλας καθίπταται δρῦς. Καὶ αἱ βεμβίδες δὲ τῶν σφηκωδῶν εἰσιν εἶδος μελισσῶν, ἅς ἔνιοι βέμβικας καλοῦσι· ταῦτα δὲ πάντα εἴδη μελισσῶν εἰσιν, ἅ δὴ ἐπινέμεται πεπείρους ὄντας τοὺς βότρυας.
185	Κηκὰς δ’ ἡ ἀλώπηξ, ἤτοι κακωτικὴ, κακοποιὸς, κακοῦργος ἢ χλευαστική· Καλλίμαχος· κηκάδι σὺν γλώσσῃ·
186	Κωνείου. Τοῦτο οἱ μὲν κορίαννον, οἱ δ’ ἀννησοειδὲς καλοῦσι, σημεῖον δὲ τούτου τὸ καρηβαρεῖν. Φοινὸν δ’ ἀντὶ τοῦ πεφοινιγμένον ἢ ὀλέθριον, φόνιον, κατὰ πλεονασμὸν τοῦ ι.
189	Σφαλλόμενοι δὲ τοῖς σκέλεσι ταῖς χερσὶ βαδίζουσιν, ὅ ἐστι πίπτοντες ἐπερείδονται αὐταῖς.
191	Ἢτοι τὰ ἐσωτέρω καὶ κατωτέρω τοῦ στόματος.
192	Αἱ ἀρτηρίαι φησὶ μεγάλως σφύζουσιν, αἳ πρὶν ἐρρωμέναι συστέλλονται.
193	Ἀτίζει δ’ ἀντὶ τοῦ ἀτενίζει, βλέπει νῦν, ἢ ἕλκει, ὅ ἐστι σπᾷ τὸν ἀέρα καὶ ὀλίγον ἀναπνεῖ, εἰ καὶ ἐπὶ τῆς ταραχῆς αὐτὸ τέθεικεν Ὅμηρος εἰπών ( Il. ζ 468 )· πατρὸς φίλον ὄψιν ἀτιχθείς. γράφεται καὶ ἀλύξει, οἷον· ἠέρα παῦρον ἀλύξει .
194	Κατηβολέων· λειποθυμῶν, τὴν ὑστάτην εἱμαρμένην ἔχων, ὁ δ’ οἷα ἐν καταβολῇ ὢν καὶ κάτω διὰ λειποθυμίαν βλέπων, ὀλίγον ἀέρα διὰ τῆς ἀναπνοῆς ἕλκων, τὸν θάνατον ὁρῶν, καταπίπτων.
197	Τεῦχος κατασκεύαζε ἐμβαλὼν ἀντὶ τοῦ παραπέμψας· ἐν δὲ τῷ μὴ λέγειν κλυστῆρα ποῖον, δῆλον ὅτι κοινὸν λέγει.
198	Δάφνης δὲ Τεμπίδος· Θεσσαλικῆς, διότι πρῶτον ἐκεῖ εὑρέθη τὸ φυτὸν, κατέστεφε δὲ χαίτην Δελφίδα εἶπε διὰ τὸ τὴν κόρην διωκομένην ὑπ’ Ἀπόλλωνος εἰς τοῦτο τὸ φυτὸν μεταβληθῆναι, ἐξ οὖ ἔχει καὶ τὸ ὄνομα. Δάφνη γὰρ ἡ κόρη ἐλέγετο, καὶ Ἀπόλλων ἰδὼν αὐτὴν μεταβληθεῖσαν εἰς τὸ φυτὸν ἐξ αὐτοῦ τοῦ φυτοῦ ἐστέψατο, λέγει δέ· ἢ ἀπὸ δάφνης κατὰ κοινοῦ πόσιν δίδου, τουτέστι δαφνέλαιον δὸς πιεῖν.
201	Κνίδην λέγει τὴν ἀκαλήφην, εἴρηται δ’ ἀμφότερα διὰ τὸ κνήθειν· καὶ γὰρ ἡ ακαλήφη παρὰ τὸ κάλφεσθαι· ἔστι δὲ καὶ θαλάσσιον ζῶον ἀκαλήφη λεγόμενον· φησὶ γοῦν ὅτι καὶ κνίδης σπέρμα σὺν πεπέρει λεάνας διὰ τὸ σφόδρα θερμαντικὸν δίδου χρῆσθαι.
202	Ἐμπευκέι ὀπῷ χράνας ἀντὶ τοῦ μίξας τῷ πικρῷ ὀπῷ, λέγει δὲ τῷ κυρηναϊκῷ.
203	Τὸ ἀπὸ τῆς ἲριδος βοτάνης γινόμενον ἔλαιον, ἴρινον δὲ μύρον λέγει· αὕτη ἡ βοτάνη εὔπνους ἐστί· παραλέλοιπε δὲ τῆς πόσεως τὴν ποσότητα.
204	Κελεύει δὲ καὶ σιλφίου ῥίζαν τρίψαντα μετὰ λευκοῦ ἐλαίου παρέχειν πίνειν· τὸ δὲ σίλφιον καὶ ῥιζίον Κυρηναϊκὸν καλοῦσί τινες, ἐξ οὗ γίνεται ὀπὸς, νῦν δὲ περὶ τοῦ ῥιζίου φησίν.
205	Μελιζώρου ἀντὶ τοῦ μελικράτου. 
206	Καὶ γάλακτος δὲ τὸ ἀφρῶδες, τουτέστι τὸ ἐπιπόλαιον καὶ πεπηγὸς ὡς ἀφρὸς νέμε, ἐπὶ πυρὸς θάλψας τὸ τεῦχος ἠρέμα, ὅ ἐστι θερμάνας, τουτέστιν ἵνα χλιάσῃς αὐτόν.
207	Ἡ σύνταξις οὕτως· καὶ τὸ ἐπὶ τῷ λοιγήεντι τοξικῷ ἄχθος ἀμύνοις καὶ ἀποδιώξοις. Παρασχεδὸν ἀντὶ τοῦ παραχρῆμα, λείπει δὲ τὸ οὕτω, ἵν’ ᾖ· οὕτως ἀμύνοις καὶ διώξοις· τοξικὸν δὲ καλεῖται τὸ τοιοῦτον φάρμακον διὰ τὸ ὁμοίως τοῖς τοξεύμασιν ἀναιρεῖν παραχρῆμα βρωθὲν ἢ ποθὲν, ἢ ἐπεὶ οἱ Πάρθοι καὶ Σκύθαι τοξεύοντες τούτῳ παραχρίουσι τὰς τῶν βελῶν ἀκίδας· οὐ γὰρ, ὥς τινες, τὸ κώνειον νομιστέον· ἢ διότι ὁμοίως τόξου ἀφέσει ἀναιρεῖ βρωθὲν ἢ ποθὲν λέγεται ὑπό τινων Σκυθικόν· ἄλλοι δὲ λέγουσιν, ὅτι ἐκ τοῦ αἵματος τῆς υδρας ἀνεφύη, τὴν δ’ ὕδραν ἀνεῖλεν ὁ Ἡρακλῆς, καὶ διὰ τοῦτο τοξικὸν καλεῖται
208	Ἡνίκα πιών τις βαρύνηται ὑπὸ τῶν ὀδυνῶν. Παχύνεται δ’ οἰδαίνεται, καὶ τὸ οἰδαλέα διῳδηκότα καὶ ἐξωγκωμένα.
211	Ξηρὰ, ἐπειδὴ ξηραίνει τὸ δηλητήριον, τὰ δ’ οὖλα τῶν ὀδόντων ἐκ βάθρων ῥήγνυται.
213	Ἔμπληκτον· μανιῶδες, μανικόν. Μεμόρηκεν, ἐκάκωσε, παρὰ τὴν μοῖραν.
214	Μηκάζει δ’ ἀντὶ τοῦ μηκᾶται ὡς πρόβατον, οἱονεὶ οὕτω βοᾷ καὶ κράζει, φλύζων, φλυαρῶν ὑπὸ τῆς μανίας· καὶ οἱ Ἰταλιῶται τοὺς φλυαρογραφοῦντας φλυζογράφους ἐκάλουν.
215	Συνεχῶς δέ φησιν ἀχθόμενος βοᾷ. Ἐμπελάδην οἱονεὶ ἐμπελαστικῶς καὶ ὁρμητικῶς, ὁποῖά τις φὼς, ἤγουν ἀνὴρ, τὴν ἀμφιβρότην κώδειαν ἀποτμηθεὶς ξίφει· τοῦτο γὰρ τὸ ἀπαμηθείς, κώδειαν δὲ νῦν τὴν κεφαλὴν, καὶ ἀμφιβρότην τὴν ὅλον τὸν ἄνδρα συνέχουσαν κεφαλήν· ἡ γὰρ κεφαλὴ συνέχει πᾶν τὸ σῶμα· καὶ Ὅμηρος δὲ κώδειάν φησι τὴν κεφαλὴν, ( Il. ξ 499 )· ὁ δὲ φὴ κώδειαν ἀνασχών. Ἂλλως· καὶ γάρ φησιν, ἐνίοτε πλησιάζοντος αὐτῷ ἀνθρώπου τινὸς, μισανθρωπίαν νοσῶν καὶ βαρούμενος προΐεται φωνὴν ὡς ἀποκεφαλιζόμενος· τοῦτο δ’ εἶπε πλανηθεὶς ἐκ τοῦ ποιητοῦ καὶ κακῶς νοήσας τό ( Il. κ. 457 et Od. χ 329 )· φθεγγομένου δ’ ἄρα τοῦ γε κάρη κονίῃσιν ἐμίχθη.
217	Κερνοφόρος· ἡ τοὺς κρατῆρας φέρουσα ἱέρεια· κέρνους φασὶ τοὺς μυστικοὺς κρατῆρας, ἐφ’ ὧν λύχνους τιθέασιν· ζάκορος δ’ ἡ νεωκόρος, καὶ βωμίστρια ἡ ἱέρεια τῆς κρατηροφόρου Ῥέας.
218	Εἰνάδι δ’ ἀντὶ τοῦ ἐννάτῃ τοῦ μηνὸς ηγουν τῆς σελήνης· τότε γὰρ τὰ μυστήρια αὐτῆς ἐπιτελοῦσιν· ἢ εἰκάδι, τῇ εἰκοστῇ τῆς σελήνης· τότε γὰρ κατὰ τὴν σελήνην ἐμέτρουν τὸν ἐνιαυτόν.
220	Ἰδαίης· τῆς ὀρεινῆς· Ἴδη γὰρ καταχρηστικῶς πᾶν ὄρος καλεῖται. Τρέουσι δ’ ἤγουν οἱ Κορύβαντες, ἢ οἱ παρατυχόντες φοβοῦνται, ὅτ’ Ἰδαίης τὸν ῥιγηλὸν ὑλαγμὸν εἰσαΐωσιν.
221	Βρυκανάαται· γράφεται καὶ βρυχανάαται, βρυχᾶται, κλαυθμυρίζει, ὡς παιδίον φωνεῖ, ἢ δακρύει, ὡς Μένανδρος. Ὠρυδὸν δ’ ἁντὶ τοῦ μετ’ ὠρυγῆς, ὡς λύκος ὠρυόμενος.
222	Ἀντὶ τοῦ καθάπερ ταῦρος.
224	Διὰ τὸ ἀστατεῖν αὐτὸν δέσας φησὶ προσένεγκε αὐτῷ βοη θήματα καὶ μὴ καταδεχομένῳ μηδὲ θέλοντι, κατ’ ὀλίγον οἶνον διδοὺς κόρεσον καὶ μεθυσθῆναι ποίησον ἀνενοχλήτως, ἡσύχως δὲ βιαζόμενος τῇ σῇ χειρὶ ἄνοιγε τὸ μεμυκὸς αὐτοῦ στόμα, ἕως οὗ ἐμέσῃ, καὶ μετὰ τὸν τοῦ γλυκέος ἔμετον πότισον αὐτὸν ζωμὸν πολὺν χήνειον, προσφέρων αὐτῷ καὶ τῶν ἐαρινῶν ἀγρίων ἢ ἡμέρων μήλων τὰς σάρκας, ῥίψας τὸ δέρμα αὐτῶν· ἐὰν δὲ μὴ παρῶσι ταῦτα, τῶν λεγομένων στρουθομήλων ὁλοσχερῶς ἐμφόρησον αὐτόν.
225	Τουτέστι τὸν θώρακα πλήρωσον, ἤγουν χόρτασον αὐτὸν οἲνῳ γλυκεῖ, καὶ μὴ χρῄζοντα ἡρέμα βιαζόμενος, καὶ μὴ κακώσῃς αὐτόν.
226	Βρῦκον τὸ μεμυκὸς στόμα· συνερείδει γὰρ τοὺς ὀδόντας τὸ βρῦκον αὐτοῦ στόμα φησὶν, ἤγουν τὸ συνδεθὲν καὶ σφιγχθέν. Ὀχλίζοις, οἱονεὶ ἄνοιξον, ὡς ἂν τὴν λώβην ἐμέσῃ δαμαζόμενος καὶ νικώμενος διὰ τοῦ ποτίζειν αὐτὸν τῇ χειρί σου.
229	Μεμορημένον ἀντὶ τοῦ δεδασμένον καὶ ἑψηθέντα τῷ πυρί.
230	Μηλείης δὲ τῆς μηλέας τὰ κάρφη ἤγουν τὰ δέρματα ἢ τὰ ἄνθη Γράφεται δὲ καὶ ῥηχώδεος καὶ τρηχώδεος, ἀμφότερα κατὰ τοῦ αὐτοῦ σημαινομένου, τῆς τραχείας.
231	Σίνεα· τὰς σινωτικὰς ἀκάνθας ἀποβαλὼν, ἢ μᾶλλον τὰ δέρματα τῶν μήλων λεπίσας.
232	Ἐπήβολα, ἤγουν μέτοχα τοῖς ἡμετέροις χωρίοις, τουτέστι τὰ τοῖς ἡμῶν κλήροις ἤγουν κήποις ἐπιβάλλοντα, οἱονεὶ τὰ ἡμέτερα.
233	Ἐνεψιήματα δὲ τὰ παίγνια· παίζουσι γὰρ αἱ κόραι καὶ τέρπονται τοῖς μήλοις.
234	Καὶ τὰ στρούθεια δ’ εἴδη μήλων, οἱ δέ φασιν εἶδος βοτάνης, τὸ δὲ κυδώνιόν φησι μῆλον. Κυδῶνος, τοῦ στυπτικοῦ κυδωνίου, ὃ μάλιστα ἐν τῇ Κρήτῃ φύεται.
235	Ἐκόμισαν δ’ ἄναυροι, τουτέστιν ἔθρεψαν αἱ ὂχθαι τῶν ποταμῶν τὰ κυδώνια.
236	Ἅλις δ’ ἀντὶ τοῦ ἱκανῶς, καὶ ἀολλέα ὁμοῦ κόψας.
237	Ὀσμήρεα, ὀδμὴν ἔχουσαν, εὐώδη.
239	Ῥοδέοις, τοῖς ῥόδοις, ἢ ῥοδίνου ἐλαίου. Καὶ θυόεν μαλλοῖσιν ἀφύσσων παῦρα λίπος ἀντὶ τοῦ θυόεν τὸ εὐῶδες ἐν τοῖς ῥόδοις ἔλαιον ἤτοι τὸ ῥόδινον στάζε μετ’ ἐρίου εἰς τὸ στόμα αὐτοῦ.
241	Ἰρινέου δὲ τοῦ ἀπ’ ἴριδος γινομένου μύρου
242	Ἀκροσφαλὲς τὸ ἄκρως σφαλερόν.
244	Γερραῖοι ἔθνος Ἀραβίας ἀπὸ Γέρρας, μιᾶς αὐτῶν πόλεως. Νομάδες δὲ νομάδα βίον ἔχοντες· τούτῳ φησὶ τῷ τοξικῷ οἱ ἐν τῇ Γέρρᾳ τῆς Ἀραβίας καὶ οἱ περὶ τὸν Εὐφράτην πρὸς τὰς αἰχμὰς αὐτῶν χραίνουσιν, ὅ ἐστι βάπτουσιν. Οἱ Γερραῖοι τῷ τοιούτῳ φαρμάκῳ βουλόμενοι χρῆσθαι καὶ τοὺς αὐτὸ προσενεγκαμένους τοῖς εἰρημένοις βοηθήμασιν ἰᾶσθαι, οὕτω δοκιμάζουσι τὰ ἀλεξιφάρμακα· μέρος τοῦ ἑαυτῶν ποδὸς χαράξαντες αἷμα ἀφιᾶσι, καὶ εὐθὺς προσάπτουσι τὸ φάρμακον· ἐὰν γοῦν ἀναδράμῃ διὰ τοῦ αἵματος, τάχιον τοῖς βοηθήμασι τούτοις καθαίρουσιν αὐτὸ, πρὶν ἐμπεσεῖν τὸν ἰὸν εἰς τὴν καρδίαν.
248	Ἔρφος δὲ τὸ δέρμα, ὅπερ οἱ Ἴωνες στέρφος λέγουσιν· διὸ καὶ στερφῶσαι λέγομεν ἐν τῇ συνηθείᾳ
249	Μηδείης· ἤτοι τὸ ἐφήμερον σκευαστικόν ἐστι φάρμακον, ὃ καλεῖται κολχικὸν, ὃ βαρβαρικὸν, ὃ καὶ οἱ βάρβαροι νάφθαν καλοῦσιν, ὃ οἱ χριόμενοι ἢ ἱμάτιον ἀληλιμμένον ὑπ’ αὐτοῦ φοροῦντες ἢ ἄλλο τι, ἐὰν ἔναντι ἡλίου στῶσιν, ὡς ὑπὸ πυρὸς κατεσθίονται δαπανώμενοι· ἔστι γὰρ καυστικὸν, δοκεῖ δ’ ἡ Μήδεια τὴν κατασκευὴν αὐτοῦ εὑρηκέναι, διὸ καὶ κολχικὸν λέγεται· οἱ δ’ ἶριν αὐτὸ προσαγορεύουσιν, ἄλλοι φαρικὸν, ἕτεροι ἐφήμερον, ὅτι ἐν αὐτῇ τῇ ημέρᾳ ᾗ ποθῇ ἀναιρεῖ· γίνεται δὲ παρὰ τὸν Ὕπανιν τὸν ποταμόν· τοῦτο γεννᾶται ὄρθρου, μαραίνεται δὲ περὶ μεσημβρίαν· ἢ διὰ τὸ ἡμέραν ὅλην μὴ δύνασθαι ἐξαρκεῖν τοὺς πιόντας αὐτό· τοῦτο οὖν τὸ ἐφήμερον ἐν μὲν τῇ γεύσει εὐθὺς τὰ εἴσω τῶν χειλέων κινεῖ πρὸς κνησμὸν, ὡς ἀπὸ γάλακτος συκῆς, ἢ σκίλλης ἢ κνίδης, ἐν δὲ τῇ καταπόσει ἐσθίον τὸν στόμαχον καὶ δηγμοὺς ἱκανοὺς παρέχον βάρος εἰς αὐτὸν ἐνίησιν, ἔπειτα σφοδρῶς αὐτον καταξέσαν ἑλκοῖ τοσοῦτον, ὥστε ποτὲ μὲν ἐμεῖν ὅμοιον πλύματι κρεῶν θολερῶν, ποτὲ δὲ κόπρον προϊέναι· βοηθεῖ δὲ τοῖς πεπωκόσι τὸ φάρμακον γάλα ποθὲν, ἐναποβεβρεγμένων εἰς αὐτὸ δρυὸς φύλλων· ποιοῦσι καὶ τὰς περὶ τὴν κεφαλὴν θάλψεις· ἢ γάλακτος βοείου προσαγωγῇ, τοῦ μὲν πινομένου εἰς κόρον θερμοῦ, τοῦ δ’ ἐν τῷ στόματι τηρουμένου· βοηθεῖ δὲ καὶ ὁ βλαστὸς τοῦ πολυγόνου, ἢ καὶ ἡ ῥίζα κατακοπεῖσα καὶ ἐν γάλακτι ἑψηθεῖσα, ἢ ἐν ἀποβρέγματι μήλων, ἢ κυδωνίων, ἢ στυπτικῶν μύρτων, ἢ ἑλίκων ἀμπέλου, ἢ βάτου κλάδων, καὶ τοῦ ἑρπύλλου τὰ φύλλα ἑψηθέντα ἐν ἀποβρέγματι τῶν ἐντοσθίων τοῦ νάρθηκος, ἢ σαρδιανῶν βαλάνων, καὶ ποθέντα βοηθεῖ, καὶ ἡ ἐντεριώνη τοῦ νάρθηκος τετριμμένη ποθεῖσα, βοηθεῖ δὲ καὶ ἡ ὀρίγανος λειανθεῖσα.
252	Νιφόεντι λευκῷ, οἷα τῷ ὀπῷ τῆς συκῆς.
253	Σπειρώδεϊ δὲ σπερματώδει ἢ πολλαῖς περιβολαῖς περικαλυπτομένῃ· αὕτη γὰρ ἡ βοτάνη ἐν τῇ κεφαλῇ τὸ σπέρμα ἔχει· ἢ σπειρώδεϊ τῇ πολλὰ σπεῖρα, ἤγουν ἐνδύματα, ἐχούσῃ.
254	Ἤγουν τὴν ἁπαλὴν σάρκα ἐπυράκτωσεν.
255	Ἐπισχομένοιο δὲ, καταποθέντος.
256	Ἀνερεπτόμενον, ἤγουν ἀνερευγόμενον τῇ περιτρίψει. Συρμῷ δὲ, τῇ ζέσει καὶ τῇ ὀλεθρίᾳ καύσει τὸν στόμαχον ἑλκωθέντα.
257	Ἀπήμεσε δ’ ὥσπερ θολερὸν πλύμα ἀπὸ κρεῶν ὁ μάγειρος ἐκχέει, τοιοῦτόν φησι ῥυπαρὸν καὶ ὄζον, συναποβάλλει δὲ καὶ ἡ νηδὺς μεμιασμένα ἀποπατήματα, ἤγουν ἀφρώδη.
260	Πολλάκις μὲν καὶ τῆς φηγοῦ φησι τὴν χαίτην βάλλοις ὁμοῦ τοῖς ἀκύλοις, τουτέστι τῷ καρπῷ. Οὐλάδα δὲ τὴν ὑγιαστικήν ( Od. ω, 402 )· οὖλέ τε καὶ μέγα χαῖρε.
261	Ἤγουν σὺν αὐταῖς ταῖς βαλάνοις· διαφέρει γάρ φησι δρῦς καὶ φηγὸς, εἰ μή που φηγὸν τὴν πρῖνον εἶπεν· ἄλλη γὰρ δρῦς, καὶ ἄλλη φηγὸς, καὶ ἄλλη πρῖνος, τὰ δὲ τρία δρύες καλοῦνται.
263	Οὗτος ὁ φαρμαχθεὶς τούτου κορεσθείη καὶ ἐν τῷ στόματι κατάσχοι.
264	Τὸ δὲ πολύγονον βοτάνη ἐστὶν ἐν τῷ πίνεσθαι ἐντατική· ἢ τὰ ῥιζεῖα τοῦ πολυγόνου γάλακτι ἑψηθέντα καὶ κατατριβέντα βοηθεῖ.
266	Τὸ δ’ ἀμπελόεις ἀμπελοέσσας· ὁ τρόπος μετάληψις, ἄλλοι δ’ αἰτιατικὴν πληθυντικῶν φασιν εἶναι ὁμόφωνον τῇ εὐθείᾳ, αἱ ἀμπελόεις γάρ ἐστιν, ὡς τὰς πανηγύρεις αἱ πανηγύρεις.
267	Ομοίως καὶ τοὺς κλάδους τοῦ βάτου· εἴρηται δὲ βάτος διὰ τὸ ἄβατος εἶναι.
268	Νέα δὲ τέρφη ἀντὶ τοῦ χλωρὰ λέπη καστάνου, τοῦ εὖ τρέ φειν δυναμένου.
269	Δασυφλοίοιο εἶπε, διότι χνοώδης ὁ ἐντός ἐστι φλοῦς, ἢ τὸ δασὺ πρὸς τὸ στρυφνὸν τοῦ λέπους ἔφη· γράφεται δὲ καὶ λαχυφλοίοιο, ἤτοι ἐλάχιστον φλοιὸν ἔχοντος.
270	Νείαιραν δὲ σάρκα τὴν ἐσωτάτω λέγει· ἀμφοτέρους γὰρ τοὺς φλοιοὺς ἀφελέσθαι κελεύει· νείαιραν οὖν τὸν ἐνδότερον περὶ την σάρκα ὑμένα, τὸν στύφοντα λέγει. Σκύλος· τὸ δέρμα ἤτοι τὸ ἔνδυμα, ὅθεν καὶ τὸ σκυλεύω, νῦν δὲ τὸ μαῦρον καὶ ξηρὸν λέγει ἔνδυμα· γυμνώσειας δὲ σὺ τοῦ καλῶς τεθραμμένου καρύου ἢ τοῦ καλῶς τρέφοντος τοῦ καστάνου τὰ νέα τέρφη τοῦ δασυφλοίου, τὸ δὲ κάλυμμα, ὅπερ κατὰ τὴν νείαράν ἐστι σάρκα περὶ σκύλος, ἤγουν περὶ τὸ δέρμα καὶ ἔνδυμα τὸ μέλαν, τουτέστι τὸ μετὰ τὴν ἄκανθαν, ἐκεῖνό φησιν ἑψήσας δίδου πιεῖν, οἱονεὶ τὸ στῦφον.
271	Τὸ Καστανὶς ἔτρεφε, πόλις Θεσσαλίας, ὅθεν τὰ καστάνια ἀπὸ τῆς Καστανίδος γῆς· ἢ Καστανὶς πόλις Πόντου, ὅπου πλεονάζει τὸ καστάνιον. Καστανέα ὄρος Θεσσαλίας, ἐξ οὗ τὰ κάστανα· τῶν δὲ καστάνων τὸ μὲν σαρδιανὸν, τὸ δὲ λόπιμον, τὸ δὲ μαλακὸν, τὸ δὲ γυμνόλοπον.
273	Τουτέστι τῆς κλοπῆς τῆς ἑστιώσης τὸν νάρθηκα, ἤτοι τὸν κλέψαντα τὴν κλοπὴν τοῦ κλέπτου Προμηθέως· κλοπὴν γὰρ λέγει αὐτὸ τὸ πῦρ.
274	Φιλόζωον δὲ λέγει τὸν ἕρπυλλον, διότι ἀεὶ ἀνθεῖ καὶ οὐδέποτε φυλλορροεῖ.
275	Εὐφίμου δὲ τοῦ φιμοῦντος τῇ στύψει, ἤτοι τοῦ στυπτικοῦ.
279	Τὸ τοῦ ἰξοῦ δηλητήριον. Ἰξία δὲ καὶ βούπρηστις σιλφίων γένη μελαινῶν, πινόμενα δὲ κατέχει τὴν τροφὴν, ὡς ἰξός.
280	Οὐλοφόνον δὲ τὰ οὖλα βλάπτον, ἢ ὅλον φονευτικόν. Ὠκιμοειδὲς δ’ ὅπερ μάλιστα ὡς ὤκιμον ὄζει· ὤκιμον δ’ εἶδος βοτάνης παραπλήσιον ἡδυόσμῳ, ἀλλ’ οὐ δασύ ἐστιν.
282	Ἐμπλάζεται ἦτορ ἀντὶ τοῦ περιφέρεται τῇ διανοίᾳ, ἤτοι ταράσσεται καὶ ἔμπληκτος γίνεται· καὶ λυσσηθεὶς ἀντὶ τοῦ μανεὶς κατατρώγει τὴν γλῶσσαν αὑτοῦ. Ἰξία γένος ἐστὶ τῆς σίλφης, ἐστὶ δὲ τῇ χροιᾷ μέλαν, τῇ δ’ ὀσμῇ ἐν τῇ πόσει ὅμοιον ὠκίμου σπέρματι, ἤτοι τῆς βασιλικοῦ πνοὴν ἔχον, ποθὲν δὲ τὸ φάρμακον τοῦτο τὴν μὲν γλῶσσαν οἰδεῖ, φλέγον αὐτὴν, παὶ παραφροσύνην ἐμποιοῦν ἐσθίειν αὐτὴν παρασκευάζει, δίκην δ’ ἰξοῦ τὴν τροφὴν κατέχει, ἔμφραξιν ἐργαζόμενον οὔρου τε καὶ κόπρου, καταπνῖγον δὲ τὸ πνεῦμα περὶ τὰς στενὰς τῶν ἐντέρων ὁδοὺς εἱλεῖσθαι ποιεῖ καὶ δι’ ἕδρας ψόφους παρασκευάζει, ἢ διὰ στόματος ἐρεύγεσθαι δίδωσιν. Τοῦτο τὸ ποτὸν πολλάκις ἐμεῖν παρασκευάζει τὴν τροφὴν παραπλήσιον τοῖς ἄνευ ὀστράκων ὠοῖς τῶν ὀρνίθων, οἷον τοῖς ἀτελέσι καὶ ἐν τῷ ὑμένι οὖσι, τουτέστι νεωστὶ τεθρομβωμένοις ἐν τοῖς ἐγκάτοις αὐτῶν καὶ ὑμένας μόνους ἔχουσιν.
285	Εἰκῆ· ἀδιαχώριστόν φησι γίνεται, εἰκῆ καὶ ἄνευ λόγου ἐντὸς ἐνειλούμενον τὸ πνεῦμα ψόφον ἀποτελεῖ.
287	Ἐν ὀλίγῳ δὲ φυσήματι ἑλίσσεται, τουτέστιν ἐν μικρῷ πνεύματι ταράσσεται· μικρὸν γὰρ τὸ πνεῦμα εὐθὺς ἀπολύει. Ὀγμῷ τῷ ἀναφερομένῳ πνεύματι, ἄρτι δὲ καὶ τῷ φερομένῳ, λέγει δὲ καὶ τοῦ φυσέλου, οὗ τὴν ὑπερβολὴν εἴκασε βροντῇ, φαντασίαις δὲ βροντῶν ἢ ἤχων θαλασσίων· ἢ ὁποῖος ῥόχθος ἐπηχεῖ ταῖς σπιλάσιν· πολλάκις δὲ φησι ταῖς βρονταῖς τοῦ Ὀλύμπου ὁμοιούμενος, ποτὲ δὲ τοῖς ἤχοις τῆς θαλάσσης παραπλήσιος ὤν.
288	Ἀνομβρήεντος δὲ πολυόμβρου, ὥς φησιν Ὅμηρος ( Od. ζ, 20 43 et 44 )· οὐδέ ποτ’ ὄμβρῳ. δεύεται
291	Στρευγομένῳ· ἐλαυνομένῳ ἢ συνεχομένῳ, οἱ δὲ γλωσσογράφοι κατὰ στράγγα ἀπολλυμένῳ.
292	Λύματα δ’ ἀκαθαρσίας ἀντὶ τοῦ καθάρματα· τὰ πινόμενά φησι τῶν φαρμάκων παρασκευάζουσι διεφθορυῖαν τὴν τροφὴν παραπλησίαν τοῖς ἄνευ λεπύρου τικτομένοις καὶ διεφθαρμένοις ὠοῖς· πολλὰ γὰρ διά τινα πληγὴν ἢ περίστασιν ἐκβάλλει ἡ ὄρνις χωρὶς τοῦ κελύφου τῶν ὠῶν.
293	Φαρμακόεις δ’ ἀντὶ τοῦ φαρμακόεσσαι, ἀλεξιφάρμακοι· αἱ φαρμακώδεις πόσεις φησὶ τὰς ἀκαθαρσίας ἔχεαν ὁμοίας τοῖς ῴοῖς, οἷα η νομὰς ὄρνις ἐκβάλλει νεωστὶ τεθρομβωμένα καὶ φυσοειδῆ χωρὶς τοῦ κελύφου.
294	Καὶ αἰχμητῇσι νεοσσοῖς· τοῖς ἀλεκτρυόσι δηλαδή· οὗτοι γὰρ πρὸς ἀλλήλους πολεμισταὶ γίνονται.
295	Πάσχει γὰρ καὶ ἀπὸ πληγῆς καὶ ἐκ πλήθους ἐναποκειμένου αὐτῇ· τὸ ῥίπτειν φησὶν ἀτελῆ τὰ ὠὰ καὶ οἷα φύσας τινὰς καὶ ἀνόστρακα πολλάκις καὶ ἀπὸ νόσου γίνεται αὐτῇ.
297	Δύσπεπτον δὲ γόνον ἀντὶ τοῦ ἀμετάβλητον τὸν γόνον ἔτι ἐν τῷ ὑμένι ὄντα ἐκβάλλει.
298	Εὐβρεχέος· τῷ μὲν τοῦτο πεπωκότι τὸ ἄλγος ἀρήξει τὸ μετὰ γλεύκους ἐνστῦφον πόμα τοῦ ἀψινθίου· εἴωθε γὰρ τὰ πικρὰ καὶ δριμέα στύφοντα καλεῖν· τοὺς γοῦν ὄμφακας ἐπιστύφοντας εἶπεν· ὄμφακες (δ’) ἡνίκα χεῖλος ἐπιστύφουσι ποθεῖσαι. κελεύει οὖν ἐν γλεύκει βρέχειν ἀψίνθιον καὶ οὕτω διδόναι πίνειν, προστάττει δὲ καὶ ῥητίνην τερεβινθίνην ἢ πευκίνην λαβεῖν, ἢ πίτυος δάκρυον μετὰ γλεύκους, καὶ τὰ ἑξῆς.
299	Νεοτρίπτῳ δ’ ἤγουν νεωστὶ τριβέντι, οἷον θλιβέντι, πατηθέντι, τουτέστι μετὰ γλεύκους τὸν τοῦ ἀψινθίου ζωμόν.
301	Γοερῆς, ὅτι πολὺ στάζει δάκρυον, ἢ ὅτι ἐν αὐτῇ ἀπεδερματίσθη Μαρσύας· μυθεύεται γὰρ, ὡς, ἐπειδὴ Μαρσύας δεθεὶς ἐκ πίτυος ἐξεδάρη ὑπὸ τοῦ Ἀπόλλωνος, ἡ πίτυς συμπαθὴς ἐπ’ αὐτῷ γινομένη θρηνώδης ὑπάρχει. Τμῆξαι δ’ ἀντὶ τοῦ κόψαι ἢ ξέσαι· ἢ μίξαι· ἢ τῆς πίτυός φησιν ᾗχι τοῦ Μαρσύου τὸν φλόα ὁ Φοῖβος ἀπεδύσατο ἐκ τῶν μελῶν, τουτέστιν ὅπου αὐτὸν ἔξεσεν· εἰς πίτυν γὰρ αὐτὸν ἔξεσε καὶ ἐξέδειρε κρεμάσας, αὕτη δ’ ἡ πίτυς τὸν μόρον τοῦ Μαρσύου τὸν πολύπυστον ἐπαιάζουσα κατ’ ἄγκη, καὶ τὰ ἑξῆς.
305	Κόρεσον αὐτὸν τοῦ ἄνθους τοῦ μυοκτόνου πολίου. ἰδίως δὲ μυοκτόνον εἴρηκεν· οὕτω γὰρ οὔτε κέκληκέ τις, οὔτε μύας ἀναιρεῖ· κελεύει οὖν λαβεῖν πολίου ἄνθος καὶ πηγάνου βλάστας καὶ νάρδον καὶ κάστορος ὄρχιν.
307	Λιμναῖον δ’ ἔφη, ἐπειδὴ ἐν τοῖς ποταμοῖς καὶ ταῖς λίμναις διαιτᾶται καθάπερ καὶ ὁ ἱπποπόταμος, δοκεῖ δ’ ὁ ὄρχις τούτου ὅμοιος εἶναι τῷ τοῦ κάστορος· οὗτος δ’ ὁ κάστωρ, ὥς φασι, διωκόμενος κόψας τοὺς ὄρχεις ῥίπτει, εἰδὼς, ὅτι δι’ αὐτοὺς διώκεται.
308	Ἢ ὀδελὸν σιλφίου τῷ χαρακτηρικῷ κνηστῆρι, ἤγουν χαρακτῷ κατάτριψον, οἷον ξέσον, κόψον κνηστῆρι χαρακτῷ, μαχαίρᾳ φησὶ, σιλφίου τῆς ῥίζης τοῦ ὀποῦ ὀβολοὺς δύο καὶ τραγορίγανον, ἢ γάλα προσφάτως ἠμελγμένον· τραγορίγανον δ’ ἐστὶν ὄρειον, ὅπερ ἐσθίοντες οἱ τράγοι γίνονται κατωφερεῖς· διὸ οὕτως εἴρηται· αὐτὴ ἡ ῥίζα λέγεται σίλφιον, ὁ δὲ ταύτης ὀπὸς Κυρηναϊκὸς καλεῖται ὀπός.
310	Ἢ τοῦ γάλακτος τοῦ νεωστὶ πηγνυμένου ἐν τῇ νεαμέλκτῳ πέλλῃ κορεσθείη, τουτέστι τοῦ νεωστὶ τυροῦ πήξαντος.
312	Τὸ ταύρειον αἷμά φησι Πραξαγόρας πινόμενον πήγνυσθαι ἐν τῷ στήθει καὶ θρομβοῦσθαι, ἔπειτα, συνεχομένων τῶν πνοῶν, θνήσκειν ποιεῖ, οὐ λανθάνει δὲ πινόμενον, ὥσπερ καὶ τὰ ἄλλα δηλητήρια πολλάκις ἀγνοοῦνται· ἔστι γὰρ εὐτονώτερον τοῦ τῶν ἄλλων ζώων αἵματος, ὡς Ἀριστοτέλης ( H. A., III 19 et P. A. II, 4 T. I, p. 520 b, et 35 651 a )· διὸ καὶ ἀφρόνως εἶπεν· τινὲς ἀποκαρτεροῦντες πίνουσιν αὐτὸ καὶ τελευτῶσιν.
314	Εἶαρ δὲ τὸ αἷμα παρὰ τὸ ἐν ἔαρι πλημμυρεῖν καὶ πλεονάζειν.
315	Θρομβοῦται δ’ ἀντὶ τοῦ πήγνυται τὸ ταύρειον αἷμα ποθὲν καὶ ἐμφράσσει τοὺς πόρους τῆς ἀναπνοῆς, καὶ οὕτως ἀπόλλυται ὁ πίνων.
316	Οἱ πόροι τῶν πινόντων φράσσονται, τὸ πνεῦμα θλίβεται ἐντὸς, οἱονεὶ σφίγγεται, τοῦ αὐχένος ἐμπλασθέντος, οἱονεὶ ἐμφραχθέντος καὶ ἀποκλεισθέντος. 
318	Μεμορυγμένος, τουτέστι μεμολυσμένος τῷ ἀφρῷ, περιφραστικῶς δ’ ἀφρίζων.
319	Αποκραδίσειας, ἀπὸ τῆς κράδης κόψειας, οἷον ἀποσυκίσειας, τουτέστι λάβοις. Ἐρινοὺς δὲ τοὺς κλάδους τῆς συκῆς· ἐρινεὸς γὰρ ἡ συκῇ παρὰ τὸ ἐρίζειν παντὶ φυτῷ, ἐστὶ δ’ ἐρινεὸς ἡ ἀγρία συκῆ. Ἄλλως· ἀφέλοιο τοὺς τῆς ἀγρίας συκῆς ὀλύνθους· οὗτοι γὰρ μηδέπω ὄντες πέπειροι ἔχουσιν ὀπὸν.
320	Τὸ δ’ ἀθρόον· ἀθρόον καὶ πολὺ ὄξος μίξας ὕδατι συγκέρασον καὶ δὸς πιεῖν, τὸ δ’ ὄξος φησὶν, ἤτοι εἰς ὃ ἀπεβράχησαν οἱ ὄλυνθοι τῆς ἀγρίας συκῆς, ἢ ἁπλῶς δι’ ἑτέρου βοηθήματος· εἰ δὲ τὸ πρότερον, τὸ ἐμπίσαιο ἀντὶ τοῦ βρέξον.
322	Εκφλοίοιο, ἐκσύρειας, ἐκθλίψειας, κλύσον φησὶ τὴν γαστέρα· ἢ καὶ τοῦ τῆς συκῆς φλοιοῦ. Καταχθέος κατάγοντος τὰ περιττώματα τῆς γαστρός· ἢ πολυαχθέος, τῆς πολὺ ἄχθος ἐχούσης, δηλονότι περιττωμάτων. Καταχθέος τῆς πληθυνούσης κατὰ τοῦ κατάγοντος καταχθέα ῥύματα γαστρός.
323	Πυετίαν φησὶ λαβὼν ἢ προκὸς, ὅ ἐστι δορκάδος, ἢ ἐρίφου ἢ νεβροῦ ἢ λαγωοῦ κόψον καὶ ἤθησον ἐν ῥάκει λεπτῷ, καὶ τρεῖς νίτρου ὀβολοὺς τρίψας καὶ μίξας ἐν οἴνῳ δίδου πιεῖν. Πολυωπέι δ’ ἤτοι πολυωπῷ κόλπῳ τῆς ὀθόνης.
328	Ἐνὶ δεύκεϊ Βάκχου· καὶ γὰρ τὸ ἐνὶ δεύκεϊ ἡδὺ, ἡδέως· ἰδίως δεύκεα λέγει τὸν ἡδὺν, ἢ μᾶλλον τὸν παλαιὸν ὡς πικρίζοντα.
329	Σιλφιόεσσαν δὲ λίτρην αντὶ τοῦ ἴσην μοῖραν λαμβάνειν σιλφίου καὶ ὀποῦ καὶ σπέρμα κράμβης μετ’ ὄξους. Ἄλλως· καὶ σιλφίου φησὶ καὶ ὀποῦ Κυρηναϊκοῦ καὶ σπέρμα Κράμβης τῶν τριῶν ὁμοῦ λίτραν μεμοιραμένην.
332	Κατασμώξαιο· κατάτριψον τὰ ἁπαλὰ τοῦ βάτου· τούτῳ τὴν πῆξιν τοῦ ταυρείου αἵματος ῥᾳδίως σκεδάσειας, ἤτοι ἑστῶσαν ἐν τῇ γαστρὶ διαθρύψειας.
335	Βούπρηστις ζῷόν ἐστι χερσαῖον, ὠνόμασται δ’ ἀπὸ τοῦ ἐμπιπράναι τοὺς βόας, ἐπειδὰν δηχθῶσιν, ἢ αὐτὸ μόνον περιχάνωσιν. Φησὶν Ἀριστοτέλης ἐν τῷ περὶ ζώων ( H. A. VIII. 22 t. I. p. 604 b ) ὅτι, ἐὰν καὶ ἵππος περιχάνῃ τὸν λεγόμενον σταφυλῖνον, ἐστὶ δὲ ζῶον ὅμοιον σφονδύλῃ, διαφθείρεται. Ἄλλοι δέ φασι ζῶον εἶναι ὅμοιον κανθαρίδι. Μὴ λάθῃ σε ἡ ἀλγηδόνα παρέχοισα πόσις τῆς βουπρήστιδος, πεύσῃ δὲ καὶ γνώσῃ δαμαζόμενον τὸν πιόντα ἄνδρα. Βούπρηστις δὲ ζῶόν ἐστι παραπλήσιον φαλαγγίῳ, ὃ διατίθησι τοὺς βόας κακῶς· τοῖς οὖν πίνουσί φησι τὴν βούπρηστιν ὀδύνη παρακολουθεῖ.
337	Ἡ βούπρηστις ἐγχρωτάζουσα εἰς τὰ χαλινὰ λίτρῳ ὁμοίαν ἔχει τὴν γεῦσιν. Νίτρῳ τὴν χροιὰν παραπλησίαν γίνεσθαί φησι κατὰ τοὺς χαλινοὺς τῶν πινόντων, εἰ μὴ ἄρα νιτρώδεις φησὶν αὐτοὺς ἔχειν προφορὰς κατὰ τὴν ἀντίληψιν, περὶ δὲ τὴν κοιλίαν πόνοι καὶ οὔρων περικράτησις, καὶ ἡ κύστις ῥοχθεῖ, ὅ ἐστι ψοφεῖ, τοῖς δ’ ὑδρωπικοῖς παραπλησίως ὀγκοῦται, τοῦ δέρματος αὐτῶν παράτασιν λαμβάνοντος, ὡς καὶ τῶν βοῶν, ὅταν φάγωσι τὰ καυλεῖα, τουτέστι τὰς βοτάνας, ἐν αἷς τὰ θηρία.
339	Ὑπερβατόν· ἐν τοῖς στόμασι τῆς γαστρὸς τὰ ἄλγη περιπολεύοντα ὄρωρεν.
341	Διαπίμπραται, φυσᾶται, ὡς ὑφ’ ὕδρωπος· τρία δὲ γένη ὑδρώπων, ὧν ὁ εἷς τυμπανόεις λέγεται.
342	Ἀφυσγετὸς δὲ καλεῖται κυρίως μὲν ὁ ἐκ τῶν ποταμῶν γινόμενος συρφετὸς, ἤτοι ἡ ἀθροιζομένη χορτώδης ὕλη, νῦν δ’ εἴρηκε διὰ τὸ πᾶσαν ἀκαθαρσίαν τοῦ σώματος εἰς τὴν γαστέρα συνερρυηκέναι.
345	Ὁππότε θῆρα· τουτέστιν οτε δατέονται καὶ μερίζονται τὸν τῶν θηρῶν τόπον βοσκόμενοι. (Ἀντὶ τοῦ εἰπεῖν ἐνταῦθα τὸν ἐξηγητὴν· δατέονται καὶ μερίζονται τὸν θῆρα, ἤτοι μᾶλλον κατατρώγουσι, τὰ γὰρ μασώμενα καὶ κατατρωγόμενα μερίζονται, ἔφη κακῶς· αἱ δαμάλεις καὶ οἱ μόσχοι νομαζόμενοι καὶ βοσκόμενοι τὸν τόπον τῶν θηρῶν) Ἄλλως· γράφεται πίμπραται ἐσχατιῇσιν ὅταν καυλεῖα φάγωσιν· ὅταν φησὶν ἐν ταῖς ἐσχατιαῖς περὶ τὰ πρόποδα τῶν ὀρῶν τὰ καυλεῖα αὐτῆς, τουτέστι τῆς βουπρήστιδος, φάγωσιν.
347	Τῷ καὶ εὐκραδέης· διχῶς ἡ γραφὴ καὶ ἡ ἐξήγησις· μία μὲν οὕτως· τῷ καὶ εὐκραδέης τριπετῆ ἐν νέκταρι μίξαις, καὶ τὰ ἑξῆς, ἵνα συνταχθῇ οὕτως· διὰ τοῦτο καὶ τῆς καλῆς κράδης τὴν τριπετῆ τῶν σύκων πόσιν τὴν ἱκανῶς ξηρανθεῖσαν καὶ ὀμφαλόεσσαν ἐν νέκταρι μίξαις· τριπετῆ οὖν, οἱονεὶ τριπέτηλον, τὴν ἐκ σύκων σχιζομένων εἰς τρία πέτηλα· τὰ γὰρ σῦκα ξηραινόμενα εἰς τρία σχίζονται· ἡ ὅτι τὰ φύλλα τῆς συκῆς εἰς τρία ἔσχισται. Ὀμφαλόεσσαν δ’ ἢ τὴν τῷ ὀμφαλῷ προσιζάνονσαν, ἢ τὴν ἐκ σύκων τῶν ὀμφαλοὺς ἐχόντων· τὰ γὰρ σῦκα κάτω τρύπας ἔχουσι δίκην ὀμφαλοῦ, δι’ ὧν τρυπῶν ὁ ὀπὸς αὐτῶν ῥεῖ. Γράφεται καὶ τριετεῖ ἐν νέκταρι, ἵν’ ἢ· τῆς καλῆς κράδης τὴν ἐκ τῶν σύκων αὐανθεῖσαν ἅλις πόσιν τὴν ὀμφαλόεσσαν ἐν τριετεῖ νέκταρι μίξαις. Ἀλλως· αὐανθεῖσαν τὴν ἀπὸ ξηρῶν σύκων, τριπετῆ δὲ τρίσχιστον, ὅτι τὰ φύλλα τῆς συκῆς εἰς τρία ἔσχισται. Τοῖς δὲ γράφεται καὶ εὐκραδέος· κελεύει οὖν ξηρὰ σῦκα μετ’ οἴνου ἑψήσαντα διδόναι πιεῖν. Ἢ ὀμφαλόεσσαν τὴν τροφόεσσαν παρὰ τὸν ὀμφαλόν· βρῶσις γὰρ ὀμφαλὸς, ἐπεὶ δι’ αὐτοῦ τὰ ἔμβρυα πάντα τὴν τροφὴν δέχεται καὶ ἀναπνεῖ, τοῦ στόματος μεμυκότος διὰ τὸ πλῆθος τῶν ὑγρῶν, ἵνα μὴ ἀπόληται.
351	Μελιζώροιο. Ἀμφίβολον, πότερον τὸ τῶν σύκων πόμα μελίζωρον εἴρηκεν, ἢ ἕτερον ἐκ τῆς μελιζώρου βοτάνης.
352	Τὸ δὲ γλάγος εἰν ἑνὶ χεύαις, ἀγγείῳ δηλονότι.
353	Ψαφαρὸν, αὐχμηρὸν, ξηροὺς δὲ φοίνικας κελεύει εἰς τὸ γάλα μιγνύναι· μίξον δέ φησι τὸ γάλα τοῖς ξηροῖς φοίνιξιν.
354	Ἄλλοτε δ’ αυαλέης· ἀπὸ κοινοῦ τὸ καταμίσγεο καρπόν· ἀχρὰς δὲ καὶ βάκχη καὶ μυρτίνη εἶδος ἀπίων, ἔστι δὲ καὶ εἶδος ἐλαίας μυρτίνη καλουμένη.
356	Θηλάζειν φησὶ τὸν πάσχοντα ποτὲ μὲν γυναῖκα, ποτὲ δὲ βοῦν. Ἅτε δὴ βρέφος· ὡς οἷα βρέφος ἀρτιγενὲς, οὕτως ἐμπελάσοι τῷ δεσμῷ ᾔγουν τῷ μαστῷ. Μοσχηδὸν δὲ δίμην μόσχου, δι’ οὗ σημαίνει τὸ ἁπαλὸν καὶ τρυφερόν· μόσχευμα γὰρ πᾶν τὸ ἁπαλόν. Ὅμηρος ( Il. λ, 105 ). μόσχοισι λύγοισιν.
358	Οἵη τ’ ἐξ ὑμένων βράσει ἡ νεαλὴς, ὅ ἐστιν ἡ νεαρὰ μόσχος τὰ οὔθατα ἀνακρούουσα ἐκ τῶν ὑμένων ταράσσει τὴν μενεοικέα χύσιν τῆς θηλῆς, καὶ τὰ ἑξῆς.
360	Ἔλαιόν φησι θερμὸν λαβὼν βιάζου ἐμεῖν, ἐντιθεὶς τὰς χεῖρας ἢ πτερὸν ἢ ἀπὸ τῶν παπύρων τὸν πρὸς ἔμετον ἐπιτήδειον, τῶν κακῶν φησι τοῦ φάρυγγος ἑλκυστῆρα Ἀνακεφαλαίωσις τῆς θεραπείας τῆς βουπρήστιδος· ἀπὸ συκῆς ξηρῶν σύκων τετριμμένων μετ’ οἴνου πόσις, ἢ μελιζώρου ἱκανὴ πόσις, ἢ γάλακτος καὶ φοινίκων καρποῦ μεμιγμένη πόσις, ἢ ψυκτῆς ἀχράδος ἢ ἄλλων ἀπίων μετ’ οἴνου, ἢ ἵνα θηλάζῃ μαστὸν γυναικὸς ὡς παιδίον, ἢ θερμοῦ ἐλαίου εἰς κόρον πόσις, δεῖ δ’ ἐφ’ ἑκάστῃ πόσει τοὺς δακτύλους χαλᾷν, ἢ πάπυρον, ἢ πτερὰ ἐμβάλλεν εἰς τὸ στόμα καὶ ἀναγκάζειν ἐμεῖν, ὅπως τάχιστα τῆς νόσον ἀπαλαγῇ.
364	Ἐὰν δὲ θρομβωθῇ, τουτέστι τυρωθῇ τὸ νεαλὲς γάλα, ἤγουν τὸ νεωστὶ ποθὲν, πνιγμὸς ἐπακολουθεῖ εἰς ἓν ἀθροιζομένου τοῦ πόματος ἤγουν τοῦ γάλακτος.
366	Τρισσὰς δὲ πόσιας ἀντὶ τοῦ τρεῖς μοίρας, μέσας μὲν ὄξεος, δοιὰς δὲ γλυκέος τουτέστι τὰς δύο μοίρας γλυκέος καὶ τὴν μέσην τούτων, τουτέστι τὴν μίαν ὄξους.
368	Ἀλλὰ καὶ τοῦ ἐκ τῆς Λιβύης σιλφίου τὰς ῥίζας. Ποτῷ ἐγκνήθεο, τουτέστιν ἔντριβε.
369	Ὀποῦ· τοῦ Κυρηναϊκοῦ λέγει. Ἰστέον, ὅτι οὗτος ὁ ὀπὸς συνεστηκώς ἐστι καὶ πεπηγὼς, ὥσπερ τὸ κομμίδιον ἢ ὁ λίβανος ἢ ἡ μαστίχη ἢ εἴ τι τοιοῦτον· διὰ τοῦτο οὖν εἶπε τήξας, οἱονεὶ ἀναλύσας. Ἐνὶ βάμματι ἀντὶ τοῦ ἐν ὄξει διαλύσας· ὁ γὰρ Κυρηναϊκὸς ὀπὸς διαλύει τὴν φαρμακείαν· καὶ γὰρ ἐὰν πεπηγότι γάλακτι ἐπιχέῃ αὐτόν τις, διαλυθήσεται· ἔστι δὲ καὶ τὸ νίτρον διαλυτικὸν τοῦ γάλακτος.
370	Κονίλην, ἤτοι κονίαν, ἢ θύμου καρπὸν, ἢ τῆς εὐκνήμου βότρυν, ὅπερ κόριον καλοῦσι, μετ’ οἴνου.
371	Ἄλλοτ’ ἀμύνει· ἄλλοτε δ’ ἀμύνει καὶ βότρυς εὐκνήμου, ὡσανεὶ τῆς καλὰς κνήμας ἐχούσης ἀμπέλου, κνήμας δὲ τὰ μεταξὺ τῶν κονδύλων ἢ τῶν κάμψεων λέγει, τοῦ βότρυος βρεχθέντος ἐν οἴνῳ· ἢ εὔκνημος εἶδος βοτάνης
373	Τοῦτο ἄξιον θαύματος, πῶς διαχεῖ ἡ πυτία τὸ συνεστηκὸς ἐν τῇ κοιλίᾳ γάλα, ἀλλ’ οὖν ἄλλο ἐπισυνίστησιν.
374	Καὶ τὸ μελισσόφυλλον δέ φησιν δίδου σὺν ὄξει· ἢ μελίσσης ποτὸν ἔφη τὸ μέλι.
375	Στυφόεν δὲ ποτὸν τὴν ἡδύοσμον ἔφη κατ’ εὐφημισμόν. Μίνθη Ἅιδου παλλακὴ οὕτω καλουμένη, ἣν διεσπάραξεν ἡ Περσεφόνη, ἐφ’ ᾗ τὴν ὁμώνυμον πόαν ἀνέδωκεν ὁ Ἅιδης. 
376	Τὸ δορύκνιον, ὃ καὶ μελισσόφυλλον καλεῖται, ἀγρία βοτάνη ἐστίν· αὕτη κοπτομένη ὀπὸν ἀποστάζει ὅμοιον γάλακτι τὴν θέαν καὶ τὴν γεῦσιν καὶ τὴν ὀσμὴν, ὅθεν καὶ δυσδιάκριτόν ἐστι τῷ πίνοντι, πότερον γάλα ἐστὶν, ἢ οὔ. Δημοφῶν δ’ ἐτυμολογῶν φησιν οὕτω κεκλῆσθαι διὰ τὸ δόρατι αὐτὸν ἴσον εἶναι κατὰ τὴν ἀναίρεσιν, Λυσίμαχος δ’ ὁ Ἱπποκράτειος διὰ τὸ ξύλον εἶναι κνίφης παρασκευαστικὸν τοῖς προςενεγκαμένοις.
377	Ὠπὴ δ’ ἡ πρόσοψις, ἡ θέα, τὸ εἶδος. Καὶ ἡ βρῶσις περὶ τοῖς στόμασιν ἀπεικάζεται γάλακτι.
378	Λυγμοὶ δ’ αἱ τοῦ πνεύματος ἀναγωγαί.
382	Τηνεσμῷ τῇ διατάσει· διαφέρει τηνεσμὸς καὶ δυσεντέριον, σύνεγγυς μέντοι ἀλλήλων· καὶ γὰρ ἔστι πάθος, ὃ καλεῖται χορδαψὸς, τηνεσμὸς δ’ ἐστὶν, ὃν νῦν λέγομεν βιασμόν. Ἄλλως· τοῖς τηνεσμώδεσι παρακολουθεῖ δυσεντερία, εἶτα ὁ χορδαψὸς, ὃν δή φασι συναμματιζομένου τοῦ ἐντέρου, ὁτὲ προηγεῖταί τηνεσμὸς, ὁτὲ δυσεντερία, τηνεσμῷ περὶ τὸ δυσεντέριον τάσις.
387	Καὶ τῆς ὄρνιθος τηκομένη ἡ σὰρξ τῶν εὐτραφῶν στηθῶν ἤμυνε βρωθεῖσα· τὸ στῆθος τῆς λιπαρᾶς φησιν ὄρνιθος βρωθὲν ὠφελεῖ· θωρήκων οὖν τῶν στηθίων σαρκῶν.
389	Χυλὸς ἅλις, ἤτοι τοῦ στήθους τῆς ὄρνιθος ὁ χυλὸς, ἢ ἕτερον βοήθημα λέγει, χυλὸν πτισάνης, ἄμεινον δὲ τὸ πρότερον.
390	Καὶ ὅσα κατὰ τοὺς φυκιόεντας ἀγμοὺς, ὅ ἐστιν αἰγιαλοὺς, περιβόσκεται κνώδαλα, κωβιοὶ καὶ τὰ τοιαῦτα.
393	Κάλχης· εἶδος πορφύρας, ἀφ’ ἧς αἱ γυναῖκες κάλχιον βάπτουσιν· καλχαίνειν γὰρ τὸ πορφύρειν. Τὸν δὲ στρόμβον, ὃν ἔλεγον οἱ ἀρχαῖοι ὄστρακον, τῶν κογχυλίων, οἷς καὶ ἐχρῶντο ἀντὶ σάλπιγγος· καὶ Ἀπολλόδωρος ἐν τοῖς Ὁμήρου οὕτως εἶπεν ( Il. ξ 413 ) Στρόμβον δ’ ὣς ἔσσευεν.
394	Αἰθηέντος δ’ ἐρυθροῦ καὶ πυρροῦ κατὰ τὴν σάρκα.
396	Τήθη τε· τὰς ἀγρίας λεπάδας, ἃς ἡμεῖς ὠτία λέγομεν, ὁ δ’ Ἀριστοτέλης ὄστρεια, καὶ Ὅμηρος ( Il. π 747 ) κοινῶς τὰ ὄστρεια. Τὸ δὲ δὴν ἔσεται, ἤτοι πολὺ ἀπέσται ἀντὶ τοῦ ἐκτὸς ἔσται. Καὶ τὸ γεραιόμενον αὐξανόμενον ἐν τοῖς βρύοις, ἢ νηχόμενον, ἢ ἀγρευόμενον, ἢ κοσμούμενον.
398	Τὸ Φαρικὸν ὁμοίως τῶν θανασίμων ἐστὶν, ἱστορεῖ δὲ Πραξαγόρας κληθῆναι αὐτὸ ἀπὸ Φαρικοῦ τινος Κρητὸς, τοῦ ἐξευρόντος αὐτό. Ἄλλως· τοῦτό φησιν ἐν Φάροις τῆς Ἀρκαδίας εὑρεθῆναι, καλεῖται δὲ καὶ Μηδικόν· τινὲς δέ φασιν αὐτὸ πρῶτον ἐν Θεσσαλίᾳ εὑρεθῆναι ἐν Φέραις, ἄλλοι δ’ ἐν Λακεδαίμονι. Φᾶρις γοῦν ἐστι τῆς Λακωνικῆς· Φᾶρίν τε Σπάρτην τε ( Il. β 582 ). Τοῦτο δὲ τὸ ποτὸν τῇ μὲν γεύσει ἐστὶν ὅμοιον νάρδῳ, τοῦ δὲ πεπωκότος τὰς μὲν σιαγόνας ἐνέπλησε, τοῖς δὲ τοῦ σώματος πᾶσι μέλεσι τρόμον ἐπήνεγκε καὶ παραφροσύνην ἐν τοῖς τῆς ψυχῆς νοήμασιν ἐνέθηκεν. 
399	Γευθμῷ· τῇ γεύσει. Ἰσαιομένην· ὁμοίαν.
400	Ηνυσε δὲ σφαλερούς· ἐποίησε τρομεροὺς καὶ παράφρονας, καὶ ἐν μιᾷ ἡμέρᾳ πολλάκις πρὸς θάνατον ἤγαγεν· μονήρει γὰρ ἀκτῖνι ἀντὶ τοῦ ἐν μιᾷ ἡμέρᾳ ἀναιρεῖ τὸν ἄνδρα τὸν βαρὺν, ἤτοι γενναῖον, ἰδίως δὲ μονήρει εἶπεν.
402	Σταδίην δὲ σταθμῷ, ἢ ἀντὶ τοῦ σταθμηθεῖσαν, οὐκ εἶπε δὲ πόσον.
403	Καὶ θυλακόεσσαν τὴν ἐμφερῆ θυλάκῳ, σχηματίσας δ’ εἶπεν ἀπὸ τῆς ῥίζης· τοιαύτη γὰρ ἡ τῆς νάρδου ῥίζα, θυλακώδης τῷ εἴδει· διὸ καὶ παρά τινων θυλάκιον τῆς νάρδου ὀνομάζεται.
404	Αἱ ἐξοχαὶ αὐξάνουσι Κέστρου, ποταμοῦ Παμφυλίας ἢ Κιλικίας.
405	Τὸ σμυρνεῖον παραπλήσιόν ἐστι νάρθηκι, τὸ δὲ σπέρμα πράων ἔχει, ὀσμὴν δὲ σμύρνης. Αἴνυσο· λάβε.
406	Τὸ δ’ ἴριδα ὤφειλεν ἶριν, ὥσπερ ἔριν· εἴη δ’ ὀξυτόνως ἰρὶς, ὥσπερ βολίς· ἢ ὡς Κύπριδα. Λειριόεν κάρη· τὸ τοῦ κρίνου ἄνθημα. Ἀφρὼ ἡ Ἀφροδίτη ἢ ἀφρογενὴς ὑποκοριστικῶς.
407	Θρίοις· φύλλοις.
408	Ὁνειδείην· αἰσχύνην.
409	Βρωμήεντος· τοῦ ὄνου. Ἐναλδήσασα· ἐναυξήσασα. Κορύνην· τὸ αἰδοῖον τοῦ ὄνου. Λειριόεν κάρη· τὴν κεφαλὴν τοῦ λειρίου, λείριον δέ φασι τὸ κρίνον· τούτῳ δὲ λέγεται τὴν Ἀφροδίτην ἐρίσαι περὶ εὐχροίας, τὴν δ’ ὀργισθεῖσαν ὅμοιον αἰδοίῳ ποιῆσαι ὄνου.
410	Σκύλαιο· ξύρησον. Ἐπεσίνατο· ἔβλαψεν. Περὶ κόρσεα πλάσσοις· ἐπίπλασσε τὴν κεφαλήν. Σκύλαιο κάρη· κελεύει ξυρᾷν τὴν κεφαλὴν αὐτοῦ καὶ καταπλάττειν πηγάνῳ καὶ ἀλεύρῳ κριθίνῳ καὶ ποτίζειν νάρδῳ ὡς πλεῖστον, καὶ ὄξους ἐσκευασμένου· βλάπτεσθαι δέ φησι τὸ πήγανον ὑπὸ τῆς κάμπης. Ἄλλως· ξύρισόν φησι τὴν κεφαλὴν καὶ κατάπλασον ὠμῇ λύσει μετὰ πηγάνου· τὸ δὲ πήγανον παρὰ τὸ πήγνυσθαι τὴν γονήν· ἔστι γὰρ καὶ ἐπισχετικὸν τῆς συνουσίας, διὸ καὶ οἱ μυούμενοι αὐτῷ χρῶνται· ἢ διὰ τὸ ἐν πάγοις φύεσθαι τὸ πήγανον. Ἄλλως· Σκύλαιό φησι τὴν κεφαλὴν τοῦ πηγάνου, καὶ ἔπαρον αὐτοῦ τὴν λάχνην, ἤγουν τὸ ἄνθος, κόψας αὐτὸ κάτωθεν εὐήκει ξυρῷ, ὅ ἐστιν εὐακονήτῳ, καὶ ἔψησον ἄλευρα κριθῶν νεάλεστα καὶ φυλλάδα πηγάνου ἐν ὄξει, καὶ ποίησον τροχίσκους, καὶ περὶ τὴν κεφαλὴν τοῦ πάσχοντος κατάπλασσε.
415	Μηδεὶς ἀπείρως ἔχων τοῦ ὑοσκυάμου τὴν νηδὺν κορέσκοι, οἷα ποιοῦσιν οἱ σφαλλόμενοι τοῖς φρεσίν· ἰδίως δ’ εἴρηκε τὸ ἀιδρήεντα ἀντὶ τοῦ ἀιδρηέντως· λέγει οὖν, ὅτι ἐάν τις ἀπείρως προσενέγκῃ τὸν ὑοσκύαμον περὶ τὰ ἁπαλὰ λάχανα σὺν τοῖς σπέρμασιν ἁπαλοῖς οὖσιν, ἢ καὶ ὅταν τὰ παιδία προσενέγκηται, ποίει παραφυλάττεσθαι.
416	Παρασφαλέες δὲ σπέρχονται ἀντὶ τοῦ οἱ ἐσφαλμένοι τρέχουσι καὶ σπεύδουσιν.
418	Κοῦροι· ὅπερ οἱ παῖδες οἱ ἄρτι ἐπισύρεσθαι παυσάμενοι καὶ τὰς τροφοὺς ἀπαρνησάμενοι ποιοῦσιν ἀγνοίᾳ, καὶ ἐμβάλλοντες εἰς τὰ χαλινὰ αὐτῶν, ὅπερ ἂν αὐτοῖς ὑποπέσηται ἢ εὕρωσιν. 
417	Ἠὲ νέον σπείρημα· λέγει τὸ ἄκρον τῆς κόμης, ὅ ἐστιν ἁπαλὸν, ὃ δὴ πολλάκις συμβαίνει τοῖς ἤδη δυναμένοις παισὶ χωρὶς τῶν τιθηνῶν πορεύεσθαι καὶ ἐσθίειν. Ἄλλως· νέον σπείρημα· οἱ ἔτι τὰς τρίχας ἀπὸ τῆς σπορᾶς φθεροῦντες· σπείρημα γὰρ τὸ σπέρμα. Ἀμφικάρηνα κομάων, ἤγουν τὰ περὶ τὴν κεφαλὴν τῶν κομῶν. Γράφεται δὲ τὸ σπέρχονται καὶ τεύχονται ἀντὶ τοῦ ποιοῦσιν, ὁ δὲ νοῦς τοιοῦτος· τὰ παιδία τὰ νεωστὶ ἐκφυγόντα τὸ ἐπὶ γαστέρα σύρεσθαι καὶ τετραποδίζειν καὶ ἀπειπάμενα τῶν τριχῶν τὸ ἀμφικάρηνον, τουτέστι τὰ νεωστὶ κουρευθέντα καὶ ἀρξάμενα περιπατεῖν ἄνευ τῆς τροφοῦ, λέγει δὲ τὰ ὄντα περὶ τὰ τέσσαρα ἔτη καὶ τὰ πέντε· ταῦτα γὰρ ἐπιτυγχάνοντα τῷ ὑοσκυάμῳ ἐσθίουσιν αὐτὸν καὶ βλάπτονται· ὀλοὴν γὰρ ἑρπυδόνα τὸν τετραποδισμὸν καὶ τὸν συρμόν. Ἄνις δ’ ἀντὶ τοῦ ἄνευ.
420	Τῇ ἀφροσύνῃ τρώγωσι τοὺς κακανθήσαντας κλάδους.
421	Οἷα γὰρ οἱ νεωστὶ ἐν τοῖς γναθμοῖς τοὺς βρωτῆρας ὀδόντας ὑποφαίνοντες, τοιοῦτός φησι κνηθμὸς ἐν τοῖς φαγοῦσιν ὑοσκύαμον, οἷος ἐν τοῖς παισὶν, ὅταν ἀποβάλλωσι τοὺς ὀδόντας.
424	Βουκέραος· εἶδος βοτάνης, τοῦτο δὲ καμπύλον ἐστὶ καθάπερ βοὸς κέρας· διὸ καὶ τῆς ὀνομασίας ταύτης ἔτυχεν. Καὶ σιτηγόνου τοῦ εἰς σιτισμὸν καὶ τροφὴν γινομένου· γράφεται καὶ χιλογόνου. Ὅρρα κεραίας· ὅπερ βούκερας κεραίας τινὰς εὐκαμπεῖς κάτωθεν ὑπὸ τοῖς ὑπηνεμίοις φύλλοις αὔξει. Ἄλλως· σιτηγόνου· γράφεται καὶ κεβληγόνου, τοῦ ἐν τῇ κεφαλῇ ἔχοντος τὸν γόνον· κέβλη γὰρ ἡ κεφαλὴ ἐν συγκοπῇ τοῦ α καὶ τροπῇ τοῦ φ εἰς β.
426	Ἀτμενίῳ δὲ τῷ ἐλαίῳ τῷ μετὰ κακοπαθείας γινομένῳ· ἀτμένες γὰρ οἱ δοῦλοι, οἷς ἕπεται τὸ κακοπαθεῖν· μέγα φησὶν ὄνειάρ ἐστι τὸ βούκερας, ὅταν ἐμπλεύσῃ καὶ βράχῇ τῷ ἀτμενίῳ ἐλαίῳ.
428	Τουτέστιν ὠμὰ τὰ φύλλα διαμασήσασθαι καὶ τὸν χυλὸν αὐτῶν καταπίνειν.
429	Κίχορα δὲ καὶ καρδαμίδας εἴδη λαχάνων καὶ γηθυλλίδας εἶδος κρομμύων, ἤτοι τὰς κεφαλὰς ἢ τὰς ῥίζας, ἢ τὰ ὑπ’ ἐνίων λεγόμενα ἀγριόφυτα.
432	Καὶ εὔαγλις, καλὰς ἄγλιθας ἔχουσα· ἄγλιθες οἱ κόκκοι, ἐξ ὧν αἱ κεφαλαὶ τῶν σκορόδων σύγκεινται, ἅπερ σκελίδια ἡ συνήθειά φησιν, τὰ δὲ κίχορα οἱ Ἀττικοὶ κιχόριά φασιν, ἡμεῖς δὲ γογγύλια, γαθυλλὶς τὸ νέον κρόμμυον. Κίχορα ἡμεῖς μὲν γιγγικίδια, οἱ δ’ Ἀττικοὶ κιχόρια.
433	Κεβληγόνου· τῆς ἐν τῇ κεφαλῇ τὸν γόνον ἐχούσης, ὅ ἐστι τὸ σπέρμα· συγγενὲς γὰρ τὸ β τῷ φ· καὶ Καλλίμαχος· ἀμφί τε κέβλην εἰργμένος ἀγλίθων οὖλον ἔχει στέφανον. Τινὲς τῆς κατὰ τὴν κεφαλὴν κομώσης μήκωνος· βοτάνη γάρ ἐστιν ἡ μήκων, ἐν τῇ κεφαλῇ ἔχουσα τὸν γόνον· καὶ Εὐφορίων περὶ τῆς Ἀθηνᾶς· κεβληγόνου Ἀτρυτώνης. Μήκων δ’ εἴρηται παρὰ τὸ μὴ κονεῖν, ὅ ἐστι μὴ ἐνεργεῖν· κονεῖν γὰρ λέγεται τὸ ἐνεργεῖν, κωλυτικὸν δὲ τοῦτο τῶν κατὰ φύσιν ἐνεργειῶν. 
434	Καθυπνέας· ὑπνοῦντας· ἄγει γὰρ τὸ μηκώνειον εἰς ὕπνον· ἐτυμολογοῦσι δὲ τὴν μήκωνα, ἤτοι τὴν μὴ ἀκονεῖν, ὡς εἴρηται, μηδ’ ἐνεργεῖν ποιοῦσαν.
435	Ἀντὶ τοῦ οὐκ ἀνοίγονται οἱ ὀφθαλμοί.
436	Τὸ δὲ δέδηεν ἀντὶ τοῦ δέδεται, δεσμεῖται.
437	Ὀδμήεις δ’ ὀζώδης, ὀδμὴν ἔχων τὴν ἀπὸ τοῦ ὀποῦ· φέρεται γὰρ ἱδρὼς ψυχομένου τοῦ σώματος.
438	Τὸ δὲ πρόσωπον ὠχρὸν γίνεται καὶ τὰ χείλη ἐμπίμπραται.
439	Παῦρον· ἐκ δὲ τοῦ αὐχένος ὀλίγον ἆσθμα ἑλκόμενον ψυχρὸν διέρχεται, καὶ πάρεσις τῶν σιαγόγων γίνεται, πολλάκις δὲ καὶ οἱ ὄνυχες πελιδνοὶ γινόμενοι, ὡς ἐντὸς τοῦ αἵματος χωροῦντος, καὶ ἡ ῥὶς στρεβλουμένη καὶ οἱ ὀφθαλμοὶ κοῖλοι γινόμενοι θάνατον ἀπαγγέλλουσιν.
443	Μέλοιο δ’ ἐπιμελοῦ τῆς θεραπείας καὶ βοηθείας, γλυκὺν θερμὸν οἶνον διδοὺς αὐτῷ.
444	Κεκαφηότα ἀντὶ τοῦ ὀλιγοψυχοῦντα πληροῖς.
445	Καὶ τινθαλέῳ θερμῷ, διαπύρῳ. Ἔργα μελίσσης ἀντὶ τοῦ σύμμισγε καὶ μέλι μετὰ θερμοῦ οἴνου.
446	Ὑμηττίδος δ’ Ἀττικοῦ ἀφ’ Ὑμηττοῦ τοῦ ὄρους Ἀττικῆς. Μόσχου· αἱ μέλισσαι ὥς φησιν αὐτός ( Th. 741 )· ἵπποι μὲν σφηκῶν γένεσις, ταῦροι δὲ μελισσῶν.
448	Κατὰ δρυός· παλαιάν τινα μελιττουργίαν ἐκτίθεται· μήπω γὰρ ἡμερούμεναι αἱ μέλισσαι, ἀλλ’ ἔτι ἄγριαι οὖσαι, ἐν τοῖς κοιλώμασι τῶν δρυῶν τὰ κηρία συνετίθεσαν, καὶ νῦν ἔτι ἔστιν ὅτε τοῦτο ποιοῦσιν. Τὸ δ’ ἐκτίσαντο ἀντὶ τοῦ κατεσκεύασαν. Ἄλλως· τοῦτο καὶ Ἡσίοδος ( ἔργ. 233 )· ἄκρη μέν τε φέρει βαλάνους, μέσση δὲ μελίσσας. καὶ Φωκυλίδης ( Ποι. νουθ. 159-162 )· κάμνει δ’ ἠερόφοιτος ἀριστοπόνος τε μέλισσα ἠὲ πέτρης κοίλης κατὰ χηραμὸν ἢ δονάκεσσιν, ἢ δρυὸς ὠγυγίης κατὰ κοιλάδος ἔνδοθι σίμβλων, σμήνεσι μυριότρητα κατ’ ἄγγεα κηροδομοῦσα.
449	Φησὶ δ’ ὅτι ἐν τῷ Ὑμηττῷ πρῶτον ἐγένοντο μέλισσαι. Συνομήρεες· συνερχόμεναι βοτρυδόν.
450	Πολυωπέας· πολλὰς ὀπὰς ἐχούσας· τοιαῦτα γὰρ τὰ κηρία. Ὄμπαι οἱ μέλιτι δεδευμένοι πυροί· καὶ Καλλίμαχος· ἐν δὲ θεοῖσιν ἐπὶ φλογὶ καιέμεν ὄμπνας. τούτους γὰρ Δημητρὶ ἔθυον· Νίκανδρος δ’ ἰδίως εἴρηκε τὰ κηρία ὄμπας.
451	Ἀντὶ τοῦ διερχόμεναι τὰ θύμα τοῖς ποσίν. Τὸ δ’ ἀνθεμόεσσαν γράφεται καὶ ἠνεμόεσσαν, ἐρείκη δ’ ἐστὶ δένδρον, οὑ τὰ φύλλα οἱ μυούμενοι ὑποστρωννύουσι διὰ τὸ ψυκτικὰ εἶναι καὶ ἁγνά· ἔστι γὰρ τὸ ἁγνεύειν καὶ χωρὶς γονῆς μένειν.
452	Ἡ σύνταξις οὕτως· ἢ καὶ ἰρινέου μαλλὸν βαθὺν κορέσκων ἕλκοις ἀντὶ τοῦ ἕλκε τὸν ἰὸν, ὀχλίζων διὰ τὸ κλείειν τὸ στόμα τῇ μύσει συνδεδεμένον τοῖς χαλινοῖς, διανοίγων αὐτὸ ἐνθλίβοις τῷ ἐρίῳ ῥόδινον ἢ καὶ ἴρινον ἔλαιον. Τότ’ ἠμύουσιν ἀντὶ τοῦ ὅτ’ ἠμύουσιν οἱ πασχοντες, τοὺς συμμεμυκότας χαλινοὺς αὐτῶν ἐνθλίβοις τῷ ἐρίῳ βοηθείας χάριν.
455	Τοῦ κυπρίου ἐλαίου φησὶν, ὅ ἐστι θερμαντικόν. Καὶ μορόεντος ἀντὶ τοῦ μοροέσσης· καὶ Ὅμηρος ( Od. σ 298 )· τρίγληνα μορόεντα.
456	Διὰ ῥέθος ἔγρεο· κατὰ τὸ πρόσωπον τύπτων καὶ πλήσσων ἔγειρε.
457	Παλάσσων ἀντὶ τοῦ κοιμώμενον κινῶν καὶ σείων ἀνάστησον, ὅπως κεφαλαλγῶν τὸν ὀλέθριον ὕπνον ἀποβάλλῃ, καὶ τὸν κακὸν πόνον ἐξεμέσῃ βοηθούμενος.
458	Κῶμα· τὴν μεταξὺ ὕπνου καὶ ἐγρηγόρσεως καταφορὰν κῶμα καλοῦσιν, ὅθεν καὶ κωμάζειν τὸ ἐπιφοιτᾷν τοῖς κοιμωμένοις.
459	Τὸ δὲ τῆμος ἐξερύγῃσιν ἀντὶ τοῦ τηνικαῦτα ἐξεμέσῃ ἀποοβῶν τὸ κακὸν ἄλγος.
460	Ἀλλὰ καὶ σπεῖρα ἤγουν ῥάκη βρέχων ἐν οἰνελαίῳ τρίβε καὶ ἀναθέρμαινε.
462	Ἐν πυέλῳ· κελεύει δ’ αὐτὸν ἐν πυέλῳ ἤγουν ἐν σκάφῃ θερμοῦ ὕδατος καθεῖναι καὶ καταντλᾷν τῷ θερμῷ, ἵνα τὸ συντεθραμμένον δέρμα διαλυθῇ. Ἐμβάπτεο σάρκα, τὴν σάρκα αὐτοῦ τοῦ πάσχοντος δηλονότι, ἄγε ἐκεῖνον αὐτόν.
463	Κυρίως δ’ ἐπαιονᾶσθαί ἐστι τὸ ἐπ’ ἠιόνος λούεσθαι, νῦν δὲ τὸ ἐπὶ τινθαλέοις ἤγουν θερμοῖς λοετροῖς θερμαίνεσθαι.
464	Αἷμα δ’ ἀναλυόμενος ἀντὶ τοῦ τὸ θρομβῶσαν αἷμα τοῦ παθόντος διὰ την ἐκ τοῦ δηλητηρίου ψύξιν ἀναλύων τῇ θέρμῃ τῶν λοετρῶν. Ἐσκληκότα ῥινὸν τὸ κατεσκληκὸς δέρμα φησίν.
465	Τοῦ θαλασσίου λαγωοῦ, ὅς ἐστιν εἶδος ἰχθύος, καὶ Ἱππῶναξ μνημονεύει· τὴν μὲν ἀσθένειαν ἀφρῷ παραπλήσιος, τὴν δ’ ἐπιφάνειαν μέλας, θανάσιμος δὲ βροθεὶς, οὗ ἡ μὲν ὀσμὴ ταῖς τῶν ἰχθύων λεπίσι καὶ τῷ ἀποπλύματι αὐτῶν ἔοικεν, ἡ δὲ γεῦσις ἰχθύων σεσηπότων γεύσει ὁμοία ἐστίν. Κακοφθορέος δὲ κακῶς φθείροντος.
466	Ἤγουν τῆς πολυψήφου θαλάσσης· στεῖαι γὰρ αἱ ψῆφοι τῆς θαλάσσης.
468	Νεπόδων δ’ ἰχθύων. Καὶ σαπρυνθέντων ἀντὶ τοῦ σαπρωθέντων.
469	Λοπὶς αὐξίδα· ἢ ὅταν ἡ λοπὶς τὴν ὅλην αὐξίδα μολύνῃ, ἐξ οὗ δηλοῖ τὸ φθείρει· αὐξὶς εἶδος ἰχθύος ὅμοιον θύννῳ. Αὐξίδα χραίνῃ, τουτέστι τὸ σῶμα ἀφανίζῃ, αὐξὶς δὲ τὸ σῶμα· μετὰ γὰρ τὸ ἀγρευθῆναι οἷον δή τινα ἰχθὺν, εἰ μένοι ἐπ’ αὐτῷ τὸ λέπος αὐτοῦ, ἀφανίζει αὐτὸν καὶ ὄζειν ποιεῖ.
470	Ὁ λαγωὸς νεωστὶ γεννηθεὶς ὅμοιός ἐστι ταῖς θριξὶν ἤγουν κατὰ τὰς τρίχας τῆς τευθίδος.
471	Τεύθου, τουτέστι τοῦ ἄρρενος. Ὑπ’ ὀστλίγεσσιν, ἐπειδὴ γληνώδης ὑπάρχει, οστλιγγας δὲ λέγει τοὺς βοστρύχους, ὅ ἐστι τὰς κόμας τῶν τευθίδων καὶ σηπιῶν, ἐν αἷς ἄρτι γεννώμενοι οἱ θαλάσσιοι λαγωοὶ διατρίβουσιν.
473	Χολῄ· τῷ μέλανι. Ἀγρώστορος· ἐπειδὰν γὰρ ἴδῃ τὸν ἁλιέα, ἐκβάλλει τὸ μέλαν εἰς τὴν θάλασσαν, ἵνα ἀθεώρητος ᾖ· τοῖς δὲ πίνουσιν ἀκολουθεῖ σκότωσις χολώδης, ἰκτεριώδης· τοῦτο γάρ φησιν.
474	Τῶν ἤτοι ζοφόεις, τουτέστι τῶν φαγόντων τὸν λαγωόν.
475	Περιστολάδην δ’ ἀντὶ τοῦ οὐκ ἀθρόαι, ἀλλ’ οἷον κατὰ σταλαγμὸν ἐλαττοῦνται, ὁ δὲ λόγος· οἷον κατὰ σταλαγμὸν ἐκ τοῦ κατ’ ὀλίγον τηκόμεναι καὶ καταστάζουσαι φθείρονται, ὁ δὲ τροφὴν οὐ προσίεται.
476	Ῥινός· ἀρσενικῶς εἶπεν ὁ ῥινὸς, τουτέστι τὸ δέρμα· καὶ τοῦ δέρματος κατὰ τὴν ἐπιφάνειαν γίνεται ἔπαρμα, μάλιστα δὲ περὶ τὰ σφυρὰ, περὶ δὲ τὰ τοῦ προσώπου μῆλα γίνεται οἰδήματα ἐν ἐρυθήματι.
478	Κυλοιδιόωντος, τοὺς ὀφθαλμοὺς διοιδοῦντος καὶ κοίλους ἔχοντος· κοῖλοι γάρ.
479	Ἐπακολουθεῖ γὰρ καὶ ὀλιγωτέρα ἔκκρισις τῶν οὔρων, ποτὲ μὲν πορφυρᾶ, ποτὲ δ’ αἱματώδης διὰ τὸ ξύεσθαι τὰ ἐντός.
481	Πᾶς δ’ ἔλλοψ, τουτέστιν ἰχθὺς φανεὶς τοῖς ὀφθαλμοῖς αὐτοῦ μισεῖται, τουτέστιν, ἐὰν ἴδῃ ἰχθὺν, ἀποστρέφεται (τοῦτο γὰρ σημαίνει τὸ ἐμυδάξατο ἀντὶ τοῦ ἐμυσάξατο, ἀπεμυκτήρισε), παρῇτήσατο τοσοῦτον, ὡς καὶ ναυτιάσαι καὶ ἐμέσαι ὑπὸ τῆς ἀηδίας βιάζεσθαι.
483	Τῶν μὲν φοινήεσσαν. Γράφεται τῶν μὲν Φωκήεσσαν ἀντὶ τοῦ Φωκικήν· ἡ γὰρ τοῦ ἐλλεβόρου πόσις ἐν Φωκίδι δοκεῖ εὑρεθῆναι· κελεύει δ’ ἐλλέβορον ἢ σκαμμωνίαν διδόναι πίνειν τῷ κάμνοντι, ἵνα τῆς κοιλίας κατενεχθείσης καὶ τὸ τοῦ φαρμάκου κακὸν συναπορραγῇ. Εἴρηκε δὲ καὶ φοινήεσσαν τὴν τοῦ μέλανος ἐλλεβόρου πόσιν.
484	Τὸ κάμωνος κατ’ ἔνδειαν τοῦ σ, λέγει δὲ τὸν σκαμμωνίας χυλόν.
485	Ἀντὶ τοῦ τὰ κόπρια καὶ σκύβαλα ἐκβάλλῃ.
486	Βρωμήεντος τοῦ ὄνου παρὰ τὸ βρωμᾶσθαι.
488	Κεδρινέαν νῦν λέγει, εἰ καὶ πίσσαν αὐτὴν εἶπεν· πᾶν γὰρ τὸ ἀποστάζον πίσσαν καλεῖ. Πελάνου βάρος ἀντὶ τοῦ ὀβολοῦ ὁλκήν· οὐ γὰρ μόνον τὸ πέμμα, ἤγουν τὸ ἕψημα, πέλανος λέγεται, ἀλλὰ καὶ ἡ τοῦ ὀβολοῦ ὁλκή. Ἄλλως· τῆς πεπηγυίας κεδρίνης πίσσης, λέγει δὲ τὴν κεδρίαν.
490	Οἰνωπῆς· εἶδος ῥοιᾶς καὶ οἰνάδος. Καὶ προμένειον δ’ εἶδος ῥοιᾶς, ὠνόμασε δ’ αὐτὴν ἀπό τινος Προμένου Κρητός. Καὶ τὴν Αἰγινῖτιν δὲ καὶ ὅσαι τὰ σκληρὰ κάρφη, ἤγουν τοὺς ἁπλοῦς κόκκους κατ’ ἀντίφρασιν, τῇ ἰσχνῇ καλύπτρᾳ καλύπτουσιν· ἢ ὅτι κάρφη τὰ λέπη, τοὺς φλοιούς. Ἄλλως· διαφράσσουσι καλύπτρῃ τῇ ἰσχνῇ περιβολῇ τῶν κόκκων, ὅσαι φησὶ τὰ σκληρὰ καὶ φοίνια ἤγουν ἐρυθρὰ κάρφη, τουτέστι τοὺς ἐρυθροὺς κόκκους, τῇ ἀραχνώδει καὶ ὑμενώδει καλύπτρᾳ διαφράσσουσι, τουτέστι τῷ ἔσωθεν τοῦ δέρματος ὑμένι. 
493	Τὴν ἐν οἴνῳ φησὶ τρωγομένην βορὰν, τουτέστι τὴν σταφυλὴν ἐν κυρτίδι θλίψας καὶ οἱονεὶ ἐκπιέσας δίδου αὐτῷ πιεῖν, οἱονεὶ γλεῦκος, ὃ λέγεται ἐν συνηθείᾳ μοῦστον· κυρτὶς κατασκεύασμά τι ἐκ λεπτῶν σχοινίων γεγονὸς, ᾧ καὶ οἱ μυρεψοὶ χρῶνται περὶ τὴν τῶν μύρων ἔκθλιψιν, ὑλιστήριον αὐτὸ καλοῦντες ἢ καὶ ὑλίστριον.
494	Τριπτὴρ δ’ ἐστὶ κατασκεύασμα πρὸς πιεσμὸν εὔθετον. Ἄλλως· κυρτὶς κατασκεύασμά τι, ἐν ᾧ τὰς σταφυλὰς θλίβουσι, λέγει δὲ σταφυλὴν δίδου πιεσθεῖσαν.
495	Ἢν δέ τις αὐαλέῃ ἐὰν δέ τίς φησι ξηρᾷ συνεχόμενος δίψῃ, καὶ προσπεσὼν ἐπί τινα ποταμὸν ἢ λίμην πίνῃ ταυρηὸν, τῇ δὲ βίᾳ τοῦ ἑλκυσμοῦ προσπέσῃ βδέλλα, καὶ τὰ ἑξῆς· ἰστέον δ’ ὅτι ἀπὸ τῆς βδέλλας γίνεται ο οἶστρος.
497	Θρῖα δὲ κυρίως μὲν τὰ τῆς συκῆς φύλλα, νῦν δὲ τῶν μνίων φησὶ, τουτέστι τῶν βρύων.
498	Τοῦ μέν τε· λείπει τὸ πίνοντος· τούτου φησὶ ῥοιζηδὰ πίνοντος ἡ φιλαίματος βδέλλα προσπελάζουσα ἐπὶ τὰ χείλη αὐτοῦ τῆς βρώμης ἕνεκα τῇ ῥύμῃ τοῦ ποτοῦ, ἤτοι τῇ φορᾷ καὶ τῇ ὁρμῇ προὔτυψε παρὰ τῇ λαπάρᾳ αὐτοῦ ἱμείρουσα καὶ τοῦ φόνου. Ἄλλως· ῥύμῃ ἅλις· βούλεται εἰπεῖν, ὅτι φερομένη τῇ τοῦ ὕδατος ὁρμῇ, ὅπου αὐτὴν τὰ πρῶτα ὁ ῥοῦς προσπελάσῃ καταποθεῖσαν, ἀθρόως προσφύεται ἀμέλγουσα τὸ αἷμα.
501	Ἢ ὅθ’ ὑπὸ ζοφέης νυκτός· ἢ ὅθ’ ὑπὸ τῆς ζοφώδους νυκτὸς κεκαλυμμένος τὰς αὐγὰς, ἤγουν τοὺς ὀφθαλμοὺς, τὰ χείλη αὐτοῦ πρὸς τὰ χείλη τῆς ὑδρίας πιέσας καὶ κατακλίνας ἑαυτὸν ἀφραδέως τὸ ποτὸν ἴσχει.
505	Τὰς μέν· μετέβη ἀπὸ τοῦ ἑνικοῦ εἰς τὸ πληθυντικόν· ταύτας δὲ τὰς βδέλλας φησὶν ὅπου ἂν ὁ ῥοῦς ὤσῃ καὶ τὰ ἑξῆς.
506	Ἀμελγόμεναι δ’ ἀντὶ τοῦ πιεζόμεναι ἤτοι πιέζουσαι.
507	Πύλῃσιν· τουτέστι τοῦ πνεύμονος ταῖς πύλαις ἢ τῇ ἀρχῆ τοῦ λαιμοῦ, ἤτοι τῷ φάρυγγι, ἢ τοῦ ἥπατος, ἢ τοῦ στομάχου.
509	Πέριξ δ’ ἐπενήνοθε γαστρὸς ἀντὶ τοῦ ὁτὲ τῷ στόματι τῆς κοιλίας ἐπίκειται λαμβάνουσα τὴν προσφάτως ἐπενεχθεῖσαν τροφὴν, τὸ δ’ ἐπενήνοθεν ἀντὶ τοῦ ἐπίκειται, πάλιν δ′ ἀνέδραμεν ἀπὸ τοῦ πληθυντικοῦ ἐπὶ τὸ ἑνικόν.
510	Νέην δ’ ἐπενείματο δαῖτα, ἤτοι ἣν ἄρτι ἔφαγε, διεμερίσθη καὶ ἐπεβοσκήθη.
511	Τῷ σὺ, ἤτοι τῷ καταπίνοντι τὴν βδέλλαν νείμειας ὅ ἐστι δοίης συνημμένην τῷ ὄξει ψυχρὰν πόσιν.
512	Χιονόεσσαν γὰρ τουτέστιν ὑπὸ χιόνος παγεῖσαν.
513	Καὶ τὸ νέον βορέῃσι παγέντος ἀντὶ τοῦ νεωστὶ βορείαις πνοαῖς παγέντος τοῦ κρυστάλλου.
514	Γυρώσαιο ἀντὶ τοῦ σκάψειας, ὀρύξειας, καθαλμέα δὲ βώλακα τὸν ὑφάλμυρον βῶλον τῆς γῆς, λέγει δὲ τὸ ἅλας, ἢ τὸν ὀρυκτὸν ἅλα· ἐν ἁλμυροῖς γὰρ τόποις οὐ γίνεται ἡ βδέλλα· διόπερ ποιεῖ τὸ ἁλμυρὸν ὕδωρ πρὸς ἀντιπάθειαν αὐτῆς, ἅλμην δὲ κελεύει πιεῖν Καππαδοκικοῦ ἁλός. 
515	Ναιομένην δ’ ἤτοι πατουμένην, ὁδευομένην, ἠροτριωμένην. Τὸ θαλερὴν δὲ γράφεται καὶ θολερὴν, διότι ὠφελιμός ἐστιν.
516	Ἢ αὐτὴν ἅλα βάπτε· ἢ αὐτήν φησι τὴν θάλασσαν, τουτέστι τὸ θαλάσσιον ὕδωρ, διδόναι πιεῖν, ποτὲ μὲν ἡλίῳ θερμαίνοντα, ποτὲ δὲ πυρί· βᾶπτε γὰρ ἀντὶ τοῦ ἄντλει, γέμιζε.
517	Καὶ ἠελίοις ὀπωρινοῖς, τουτέστι ταῖς ἡμέραις. Τότ’ ἠνεκὲς ἀντὶ τοῦ ἐπιπολὺ τῷ πυρὶ θάλψας.
518	Ἅλα πηκτόν· τὸν ὀρυκτὸν, τὸν ἐκμέταλλον.
519	Καὶ ἐμπίσαις ἀντὶ τοῦ ἐμμίξαις τὴν ἄχνην· λέγει γὰρ τὸν ἀφρὸν, ὅντινα ὁ ἁλοπηγὸς ἀνὴρ συνάγει. Καὶ τὸ νειόθ’ ὑφισταμένην ἀντὶ τοῦ κάτωθεν ἐκ βάθους συνισταμένην τοῦ κράματος τῶν ἁλῶν, ἐπὰν οὗτοι μίξιν λάβωσιν· ἰστέον ὅτι οἱ ἁλοπηγοὶ μιγνύουσι τοῖς θαλασσίοις ὕδασι γλυκέα ὕδατα, καὶ συνταράσσουσιν ἀμφότερα, ὥσπερ ἀποπλύναντες τὰ θαλάσσια ὕδατα τοῦ βρώμου τοῖς γλυκέσιν· ἐν γοῦν τῷ ταράσσεσθαι ἀφρός τις ἀναδίδοται, ὅντινα λέγουσιν ἄχνην ἁλός.
521	Μὴ μὲν δὴ ζύμωμα κακόν· καὶ γὰρ ζύμωμα εἶπε τὸν μύκητα, ἐπειδὴ ζυμῷ ἔοικε τῆς γῆς, τουτέστι πηλῷ· ὅμοιος γάρ ἐστι βώλῳ γῆς. Ἄλλως· ζύμωμα κακὸν τοὺς μύκητάς φησιν, ἐπειδὴ ἐκ τῆς γῆς γεννῶνται, οὗτοι δ’ ὁτὲ μὲν ἐν τοῖς στέρνοις ἀνοιδοῦσιν, ὁτὲ δὲ καὶ περὶ τὸν λαιμὸν ἀνίσταται ἡ ἀπ’ αὐτῶν κάκωσις· τότε δ’ ἐνεργοῦσιν οἱ μύκητες, ὅταν φυῶσιν ἐν τῷ τόπῳ, ὅπου ἐφώλευσεν ἔχιδνα ζύμωμα δ′ αὐτοὺς ἐκάλεσεν, ἐπειδὴ ἀναζυμοῦνται ἔσωθεν μὴ πεττόμενοι, ἢ ὅτι ὥσπερ ζύμωμά εἰσι τῆς γῆς.
522	Ἄγχον· οἱ μέν φασι πόαν τινὰ εἶναι πλησίον τοῦ φωλεοῦ τῆς ἐχίδνης φυομένην, καὶ τὸν ἆσθμα αὐτῆς ἀνιμωμένην αὐτὴν, ἄλλοι δ’ ἐκ τοὺ ἱδρῶτος τοῦ ὄφεως. Τὸ δὲ πολλάκι μὲν στέρνοισιν ἀνοιδέον, καθὸ βρωθέντες οἱ μύκητες ἀνοιδοῦσιν ἐν γαστρί. Καὶ τὸ εὖτ’ ἐπὶ φωλεύοντα ἀντὶ τοῦ· ὅτε τραφῇ περὶ τὸν φωλεύοντα βαθὺν ὁλκὸν τῆς ἐχίδνης, ἤτοι περιφραστικῶς περὶ τὸν βαθὺν φωλεὸν τῆς ἐχίδνης.
524	Ἰὸν ἀποπνεῖον ἤγουν τὸν ἰὸν αὐτῆς ἀποπνέον τῶν στομίων τῆς ἐχίδνης· γράφεται δὲ καὶ ἀνικμάζον, τουτέστιν ἀνιμώμενον καὶ ἀναπῖνον τὸν ἰόν· καὶ τὸ ἀποφώλιον ὅ ἐστι χαλεπὸν ἆσθμα, τουτέστι τὴν χαλεπὴν πνοὴν τῆς ἐχίδνης τῶν στομίων.
525	Κεῖνο ποτὸν καὶ ζύμωμα· τοὺς μύκητας ἀδιαφόρως ζύμωμα καλοῦσιν.
526	Παμπήδην ἀντὶ τοῦ πανταχοῦ, οἱ πλεῖστοι· ἢ καθολικῶς μύκητας ὅλκους καλοῦσιν, οἱονεὶ ἀμανίτας. Οὔνομα κέκριται ἄλλο· πολυώνυμον γάρ ἐστι τὸ ζύμωμα· ὃ γὰρ καλεῖται ζύμωμα, μύκης, ἀμανίτης, βῶλος.
527	Σύ γ’ ἢ ῥαφάνοιο· δίδου φησὶ τὸν καυλὸν, ἤτοι τὴν κεφαλὴν τῆς κράμβης, τουτέστι τὸν ἀσφάραγον, ἐπειδὴ ῥαφάνας τὴν κράμβην φησίν· εὔχρηστον γὰρ πρὸς ἀντιπάθειαν.
528	Ἢ ῥυτῆς· ῥυτῆς δ’ ἤτοι πηγάνου χλωρὸν, θάλλοντα καὶ χλοάζοντα ῥάβδον, ὅ ἐστι κλάδον, κόψας. Γράφεται καὶ ῥάδικα, οἷον κλῶνα. 
529	Χαλκοῖο δ’ ἤτοι παλαιᾶς χαλκάνθου· προστάσσει γὰρ χαλκοῦ ἄνθος πιεῖν.
530	Κληματόεσσαν· κληματίδος φησὶ θρύψον σποδὸν ἐν τῷ ὄξει, τουτέστι ἔμβαλε σποδὸν κλήματος ἐν ὄξει.
531	Πυρίτιδα δὲ βοτάνην πύρεθρον καλουμένην. Καὶ βάμματι, ὄξει.
532	Τό τε φύλλον, ἤγουν καὶ τὸ τοῦ καρδάμου φύλλον τὸ ἐν ταῖς πρασιαῖς αὐξανόμενον.
533	Καὶ Μῆδον δὲ τὸ Μηδικὸν καλούμενον, ἐστὶ δ’ εἶδος φυτοῦ. Γράφεται καὶ μῆλον, ἐστὶ δὲ τὸ Μηδικὸν μῆλον, ὅ ἐστι τὸ νεράνζιον. Καὶ ἐμπρίοντα σίνηπι· τὸ τραχὺ ὂν τῇ γεύσει, ἢ παρόσον οἱ κλάδοι τοῦ σινήπεως τραχύτητα ἔχουσιν.
534	Οἰνηρὴν δ’ ἀντὶ τοῦ οἴνου τρύγα καὶ ὀπτὴν ἐν ὄξει τρίψας δίδου πιεῖν.
535	Ἢ καὶ στρουθοῖο πάτον· ἀφόδευμα ὀπτὸν ὄρνιθος κατοικάδος, παραλέλοιπε δὲ τὸ μετὰ τίνος δεῖ πίνειν αὐτὸ, εἰ μὴ καθάπερ τὰ προειρημένα μετ’ ὄξους.
536	Βαρεῖαν χεῖρα τὴν δεξιὰν λέγει· ταύτην φησὶ καθεὶς ἐπὶ τὸ ἐμέσαι, ὡς ἐπιτηδειοτέραν μὲν καὶ πρακτικωτέραν, ταύτην οὖν εἰς τὸν φάρυγγα καθιεὶς κατάσχοις τὴν ὅλην κάκωσιν.
537	Λιπορρίνοιο· καὶ γὰρ ἡ σαλαμάνδρα ζῷόν ἐστι τετράπουν, μικρὸν ὡς ἡ σαύρα, τῷ χερσαίῳ κροκοδείλῳ ἐοικὸς, φυχρὸν δὲ τῇ φύσει· διὸ καὶ τὸ πῦρ σβεννύει· οὔτε δέρμα ἔχει, οὔτε λεπίδα, ὅθεν καὶ λιπόρρινον αὐτὸν ἔφη· ῥινὸς γὰρ τὸ δέρμα· ἢ διότι λίπος ἀφίησιν ἀπὸ τοῦ δέρματος· γλίσχρος γάρ ἐστὶ καὶ λιπώδης, καὶ ἀπὸ τοῦ σώματος ὑγρασία ῥεῖν εἴωθεν, ἥτις τὸ πῦρ σβεννύει. Ἄλλως· ἡ σαλαμάνδρα εἶδος ἀσκαλαβώτου, Ἀνδρέας δέ φησιν· κἂν τῷ αἵματι αὐτῆς ἢ χεῖρα ἢ ἐσθῆτα χρίσῃς, ἀβλαβὴς ἔσται ἐκ πυρός. Δυσάλυκτον δ’ ἀντὶ τοῦ δύσφευκτον.
540	Τὸ δὲ γλώσσης βάθος περιφραστικῶς ἀντὶ τοῦ ἡ γλῶσσα ἐπρήσθη· τῶν πινόντων γάρ φησιν ἡ γλῶσσα παχύνεται.
543	Τετράποδες· οὗτοι δὲ σφαλλόμενοι τετραποδιστὶ σύρονται, καθάπερ βρέφη· αἱ γαρ διάνοιαι αὐτῶν ἀμαυροῦνται καὶ ἀφανίζονται.
544	Σάρκα δ’ ἐπιτροχόωσιν ἀντὶ τοῦ ἐπιτρέχει τῇ σαρκὶ πελιδνότης, ἐξ ἧς ὑγρασία, καὶ ἐπιπορθμευομένης τῆς κακίας ἤτοι σκεδαννυμένης ἢ σκεδαζούσης, καὶ τὰ ἑξῆς· βοήθειαν δὲ διδοὺς ῥητίνην πευκίνην, ἀναμίσγων ταύτην τῷ μέλιτι.
545	Σμώδιγγες· αὗται κατὰ σύντηξιν τῆς σαρκὸς στάζουσιν· ἐὰν δὲ στίζουσι γράφηται, καθάπερ οἱ στιζόμενοι· γράφεται γὰρ στίζουσαι, ἵν’ ἡ σημαῖνον τὸ ποικίλως πελιδνοῦσθαι, καθάπερ τοὺς στιζομένους. Καὶ δαιομένης δ’ ἀντὶ τοῦ μεριζομένης πανταχοῦ τῷ σώματι.
547	Τενθρήνης· τενθρήνην εἶπε τὴν τενθρηδόνα, ζῷον δ’ ἐστὶ μελιτοποιὸν, ὃ υπ’ ἐνίων λέγεται βέμβιξ, ἐστὶ δ’ ἐμφερὲς μελίσσῃ. Ἄλλως· τενθρήνη εἶδος μελίσσης, ἢ τόπος, ὅπου αἱ μέλισσαι διατρίβουσιν, ὡς εἶναι τὸ μελίσσειον· δύναται δὲ κατὰ συγκοπὴν τενθρηδόνος ἀντὶ τοῦ Θεσσαλικοῦ. Ὅμηρος ( Il. β 756 )· Πρόθοος Τενθρηδόνος υἱός. ἐπεὶ καὶ ἡ τενθρηδὼν, ὅ ἐστι μελίσσης εἶδος, ποιεῖ ἔργα· παρακελεύεται οὖν ἐκ τούτων τὸ μέλι λαμβάνειν.
548	Ἢ τῆς χαμαιπίτυος τοῦ βλαστοῦ μετὰ κώνων· εἰσὶν οὖν κῶνοι πίτυος οἱ στρόβιλοι· συνεψήσας οὗν φησι τούτους τοῖς φύλλοις τῆς χαμαιπίτυος δίδου πιεῖν. Ἠὲ χαμαιπίτυος· τῆς πίτυος τὰ φύλλα καὶ τοὺς κώνους ἀφεψήσαντα κελεύει τὸν χυλὸν διδόναι πιεῖν, ὁμωνύμως δὲ λέγεται ὁ καρπὸς καὶ ὁ στρόβιλος καὶ ὁ κῶνος. Ἢ τῆς χαμαιπίτυός φησι τῆς βλαστήμονος ἀναμεμιγμένως καθεψήσας τὰ φύλλα καὶ τοὺς κώνους ὅσους ἐθρέψατο ἡ πεύκη, τουτέστι ὅλα ὁμοῦ σύμμικτα ἑψήσας.
550	Ἄλλοτε δὲ σπέραδος· κνίδης σπέρμα καὶ ὀρόβου ἄλευρον κελεύει κόψαντα διδόναι πιεῖν, μετὰ τίνος δ’ οὐκ εἴρηκεν. Μυλοεργέι ἀντὶ τοῦ τῷ ὑπὸ μύλης κατεργασθέντι ἀλεύρῳ τοῦ ὀρόβου ξηραίνειν καὶ φρύγειν, καὶ τὰ ἑξῆς.
552	Ἑψαλέην ἤτοι ἡψημένην, ξηρανθεῖσαν ὑφ’ ἡλίου, καὶ αὐτὴν δὲ τὴν κνίδην ἔψων πότιζε μίσγων ἀλεύρῳ ὀρόβου ἢ καὶ κριθίνῳ ἀλεύρῳ μετ’ ἐλαίου.
555	Χαλβανόεσσα· καὶ ἡ ῥητίνη καὶ μέλι καὶ ῥίζα χαλβάνης καὶ ὠὰ χελώνης· διδόναι κελεύει ἑψηθέντα ἐπ’ ἀνθράκων.
556	Ἀλθαίνει καὶ γέντα· ἐν ἄλλω οὕτως· ἀλθαίνει τότ’ ἔνερθε πυρὸς ζαφλεγοῖο κεραίης· τὸ γὰρ ἔνερθε πυρὸς ζαφλεγοῖο κεραίης τὸ ἄγαν σφοδρῶς ἐν τῇ σποδιᾷ τοῦ κέρατος ἑψηθῆναι ταῦτα δηλοῖ· κεραία γαρ λέγεται τὸ ἄκρον καὶ ἔσχατον, ἡ χαλβάνη δ’ ὀπός ἐστιν ἐκ τῆς ῥίζης τῶν πανάκων πεπηγμένος.
557	Ἁλίοιο· θαλασσίου ἢ ἐνύδρου.
558	Ταχινῇσιν· γράφεται ἥτ’ ἄκρῃσι διαπλώει. Πτερύγεσσι δ’ ἀντὶ τοῦ ποσίν· τούτοις γὰρ ἐπινήχεται.
559	Οὐρείης ἢ χερσαίης χελώνης, ἢ ὀρεινῆς.
560	Αὐδήεσσαν δὲ διὰ τὴν λύραν, ἣν ἐποίησε τῷ Ἀπόλλωνι ἀντὶ τῶν βοῶν· μισθωτὸς γὰρ ὢν Ἀδμήτου ὁ Ἀπόλλων ἔβοσκεν αὐτοῦ τὰς βόας οὓς ἔκλεψεν ὁ Ἑρμῆς, καὶ φωραθεὶς ἔδωκεν αὐτῷ ἀντίλυτρον τὴν κιθάραν τὴν ἐκ τῆς χελώνης αὐτῷ κατεσκευασμένην, τὴν λεγομένην χέλυν, ὅθεν καὶ λύρα ἐκλήθη, οἱονεὶ λύτρα τις οὖσα ὑπὲρ τῶν βοῶν. Κυτισηνόμου δ’ ἐπειδὴ χελώνης εἴδη δύο, ὄρειον καὶ θαλάσσιον, ὧν αἱ ὀρειναὶ χελῶναι ὑπ’ ἀνέμων πληροῦνται, ὥσπερ αἱ ὄρτυγες· ἢ τῆς ἐν κυτίνῳ διατριβούσης, κύτινοι δ’ αἱ ἐξανθήσεις τῶν ῥοιῶν.
562	Χέλειον ἀντὶ τοῦ ὄστρακον ποικίλον. Καὶ ἀγκῶνας δύο ἤτοι κανόνας, ὅθεν δέδενται αἱ νευραί. Καὶ πέζαις τοῖς ὢμοις· τοῖς ὤμοις φησὶ τοῦ ὀστράκου αὐτῆς δύο παρέθηκε πήγματα, ἅ φησιν ἀγκῶνας.
563	Γερύνων δὲ, βατράχων. Καὶ λαιδροὺς τοὺς ἀναιδεῖς διὰ τὸ βοᾶν ἀεὶ τῇ φωνῇ τραχυτέρᾳ. Δαμάσαιο, ἑψήσειας. Τοκῆας τῶν γερύνων φησὶ, τουτέστι τῶν μικρῶν βατράχων, τοὺς ἀναιδεῖς. Πράσων ἢ ῥίζας ἠρύγγου, ὅ ἐστιν εἶδος βοτάνης, προσπάσσων ἀμμωνιακὸν καὶ χορτάσας, ὑγιάσεις τὸν κάμνοντα. Ἄλλως· χύτρῳ σκαμμώνιον· τούτοις εἰ κορέσοις τὸν ἄνθρωπον, καὶ θανάτου πλησίον ἐλθόντα σώσεις.
567	Φρύνοιο· περὶ φρύνου διαλέγεται, ὅς ἐστι βατράχου εἶδος, εἰς δὲ τὸ τέλειον λόγον προσληπτέον τὸ τὶς, ἔνιοι δ’ ἀγνοοῦντες γράφουσι μετὰ τοῦ ς, δύσφημον ποιοῦντες τὸν λόγον· δύο οὖν γένη εἰσὶ βατράχων, χειμερινοί τε καὶ θερινοὶ, οἱ δὲ χειμερινοὶ ἄφωνοι καὶ θανάσιμοι. Ἢ οὕτως· φρύνου ἀντὶ τοῦ φωνητικοῦ· εἰσὶ γὰρ καὶ κωφοὶ καὶ ἄφωνοι, ὧν πρὸς ἀντιδιαστολὴν εἶπε φρύνου, τουτέστι φωνητικοῦ, οἱονεὶ φώνοιο, ἐστὶ δὲ καὶ ἐμφερὴς βατράχῳ, ἀλλὰ τοὺς ὀφθαλμοὺς μείζονας ἔχει, ταῖς ῥίζαις δὲ τῶν καλάμων ἢ τῶν θάμνων προσκάθηται ὁ φρῦνος. Θερειομένου δὲ τουτέστιν ἐν θέρει κατεσκευασμένου εἰς δηλητήριον· τὴν ἐπιφάνειαν γὰρ τοῦ δέρματος κεντοῦντες ποιοῦσι τραυματίαν, εἶτα τὸν ἰχῶρα τούτου λαβόντες μίσγουσι βρώσει ἢ πόσει, καὶ οὕτω διδόντες ἀναιροῦσιν· ὁμογενῆ δὲ τὰ ζῶά εἰσιν, ὁ δὲ κωφὸς βάτραχός ἐστιν, ἀλλ’ οὐ φρῦνος.
568	Κωφοῖο λαχειδέος· τοῦ ἀφώνου καὶ δασέος.
569	Προσφύεται δὲ, οὐ προσκάθηται. Καὶ μορόεις ὁ κακοποιὸς, ἤγουν ὁ μόρον ἄγων. Καὶ λιχμώμενος ἔρσην ἀντὶ τοῦ ζητῶν ἢ λείχων τὴν δρόσον.
570	Καὶ θερόεις· ἐξ οὗ τῷ θέρει κατασκευάζεται δηλητήριον. Λαχειδέος δασέος, ὡς οἱ πρὶν ἐξηγησάμενοί φασιν, ἢ, ὡς οἴεται ὁ Τζέτζης, πρασίζοντος, λαχανοειδέος, καὶ ἐν συγκοπῇ λαχειδέος. Ἂλλως· λαχειδέος τοῦ δασέος· ἢ μικροῦ, ἐὰν ἐλαχειδέος. Τῶν ἤτοι θερόεις· ἀνέστρεψεν ἐπὶ τὸν φρῦνον· θερόεις γὰρ οὗτος, ἐπεὶ τῇ θερείᾳ τὸ ἀπ’ αὐτοῦ φάρμακον συντίθεται, ὃ δυναμικώτερόν ἐστιν. Ἢ ἔτι καὶ κωφοῖο· μεταβέβηκε ἀπὸ τοῦ φρύνου ἐπὶ τὸν βάτραχον, ἐπεὶ ὁμογενῆ τὰ ζῶά εἰσιν· ὁ γὰρ κωφὸς βάτραχός ἐστιν, ἀλλ’ οὐ φρῦνος, δύο δὲ γένη τῶν βατράχων, καὶ ὁ μὲν φθεγγόμενος ἀβλαβὴς, ὁ δὲ κωφὸς θανάσιμος. Ἄγει δὲ χλόον· δηλονότι τῷ φαρμακευομένῳ. Θάψου· ὅτι οἱ φαρμακευθέντες ὠχροὶ γίνονται, ὅτι δ’ οὐ πᾶς βάτραχος ἐπιτήδειος, ἀλλ’ ὁ ἐν θερμοτέροις διατρίβων τόποις, καὶ Ἀπολλόδωρός φησιν· τὴν αὐτὴν δὲ πόσιν ἀπ’ οἴνου δοτέον· ἡ δὲ θάψος ἐστὶν εἶδος βοτάνης χλωρᾶς, ᾗ προσεικάζει τὴν χροιὰν τοῦ κάμνοντος, τὸ δ’ ἆσθμα αὐτοῦ ἀθρόον συνάγεται, καὶ ἡ ἀναπνοὴ δυσώδης ἐστίν.
575	Καί τε σπλήν· καὶ ὁ τῆς λιμναίης καὶ πολυλάλου φρύνης σπλὴν, τῆς βοώσης κατ’ ἀρχὴν τοῦ ἔαρος, τὸ κακὸν βάρος τοῦ ὀλεθρίου ἐκείνου φαρμάκου, τοῦτο γὰρ λείπει, ἤρκεσεν, ἐβοήθησε, τῷ κάμνοντι βρωθεὶς ὀπός.
577	Θυμάρμενον δ’ εἶαρ τὸ θυμηρέστατον, τὸ τῇ ψυχῇ ἡρμοσμένον.
578	Αὐτὰρ ὅγ’ ἄφθογγος· οὗτος δὲ κέρβερος καλεῖται, ἄφθογγος ὤν· ἐνταῦθα γὰρ περὶ τοῦ ἀλάλου φρύνου διαλαμβάνει, ἐπειδὴ ανω περὶ τοῦ εὐλάλου εἶπεν.
580	Ἄλλοτε δ’ ὑγραίνει· φησὶν οὕτω, τουτέστιν ἀγόνους κατασκευάζει τοὺς ἄνδρας καὶ τὰς γυναῖκας διὰ τὸ ἐπιπολὺ ἐξυγραίνεσθαι τὸ σπέρμα, ὥστ’ ἐκ τοῦ αὐτομάτου ῥεῖν· ἀγόνους φησὶ τοὺς πίνοντας γίνεσθαι διὰ τὸ διαλύεσθαι τὸ σῶμα καὶ ῥοῶδες γίνεσθαι. Χολόεν στόμα· χολαῖς ὑγραίνει τὸ στόμα, τουτέστι χολῆς ἀποπληροῖ.
581	Καρδιόωντα· ἤτοι τὴν καρδίαν ἀλγοῦντα.
582	Καὶ κατικμάζων ἀντὶ τοῦ καταστάζειν ποιῶν ἄνευ γονῆς.
583	Σκεδάων γυίοισιν ἀντὶ τοῦ σκορπίζων τὸν σπόρον τοῖς μέλεσιν ἀποτελεῖ ἀγόνους τοὺς φαρμακευθέντας, κἄν τ’ ἀνὴρ ᾖ, κἄν τε γυνή.
584	Ἀφυσγετὸν δ’ ἀντὶ τοῦ πολὺ, δαψιλὲς, ἀφύσιμον καὶ ἀρύσιμον.
586	Ἠὲ πίθου· δεῖ δ’ αὐτόν φησιν ἐν πίθῳ διθύρῳ ἐντεθέντα ξηροπυρίαν λαμβάνειν, ὥσπερ οἱ ὑδρωπικοί. Ἐναλθῆ ἤγουν τὸν θεραπείας ἐπιδεόμενον· γράφεται καὶ ἀναλθῆ,
587	Θερμάσαιο ἀντὶ τοῦ θέρμανον. Νήχυτον ἱδρῶ, τουτέστιν ἵν’ ἱδρώσῃ τὸν νήχυτον, οἱονεὶ τὸν πολύχυτον, τὸν πολὺν ἱδρῶτα.
588	Αὐξηρῶν, ἤτοι τῶν μεγάλων· γράφεται καὶ οὕτως· ἢ ξηρῶν· τῶν αὐχμηρῶν· Πραξαγόρας δέ φησι τὸ χλωρὸν τῶν καλάμων ἐσθιόμενον ὠφέλιμον ὑπάρχειν τοῖς ὑπὸ φρύνων πεφαρμακευμένοις.
589	Οἴνῳ ἐπεγκεράσαιο· τῷ οἴνῳ φησὶν, ἐν ᾧ τὰ ἀποβρέγματα τῶν ῥιζῶν τῶν καλάμων εἰσὶν, ἢ τοῦ κυπείρου.
590	seq. Τρίβοις πανάπαστον· ἀνάτριψαι αὐτὸν νῆστιν. Ὑποτέτροφε· οἰκεῖ ἐν ταῖς τῶν καλάμων ῥίζαις, ἢ ἐτράφη ὑπὸ λίμνην. Οἰκείη, ἤγουν ἑκάστη οἰκειουμένη αὐτοῖς. Ἑρπετὰ νήχει· τοὺς μικροὺς βατράχους λέγει, βατράχων δ’ εἴδη δύο, τὸ μὲν κρακτικὸν, τὸ δ’ ἄφωνον, ἀμφότερα δὲ θανάσιμα, ἡ δὲ φαρμακεία ἡ διὰ τῶν βατράχων γινομένη ἐστὶν αὕτη· λαμβάνουσι καὶ κατακεντοῦσιν ὅλον τὸ σῶμα, φυλασσόμενοι κατὰ βάθος ποιεῖσθαι τὰ κεντήματα, αὐτην δὲ μόνην παίοντες τὴν ἐπιφάνειαν τῆς σαρκὸς, καὶ εἰς ἀπίσσωτον σταμνίον βάλοντες μικρὸν ὕδωρ ἐπιρραίνοντες, καὶ τὸ ἀπορρέον τούτου συμμίσγουσι βρωτῷ ἢ ποτῷ καὶ οὕτως ἀναιροῦσιν. Νήχει ἀντὶ τοῦ περιπατεῖ· δύο δ’ εἴδη κυπείρου ἀρσενικόν τε καὶ θηλυκὸν, φιλόζωον δ’ αὐτό φησι διὰ τὸ τὴν ῥίζαν ἔχειν στερεωτάτην. Τρίβοις· περιπάτοις ἀναγκάζει αὐτὸν χρῆσθαι μακροῖς, μήτε βρωτὸν, μήτε ποτὸν προσφέροντα, ξηραίνοντα δὲ τὸ σῶμα, ἵνα κατισχνωθῇ. Καὶ κατατρύσαιο δὲ γυῖα ἀντὶ τοῦ κατίσχνωσον αὐτοῦ τὰ μέλη.
594	Ἐχθομένη δέ σε· καὶ τῆς λιθαργύρου τὸ πόμα θανάσιμόν ἐστι, μάλιστα δ’ οἱ περὶ Ἀπολλόδωρον αὐτό φασι δίδοσθαι μετὰ φακοῦ ἢ πισσίου ἢ πλακοῦντος· διὰ τοῦτο γὰρ λανθάνει ὁμοχροῦν· φησὶ δὲ τοῖς ἐνεγκαμένοις παρέπεσθαι βάρος κατὰ τῆς κοιλίας, μετὰ δὲ τὴν μέσην αὐτὴν πνεύματα βορβορίζοντα ἀνειλεῖσθαι, τὰ δὲ μέλη πίμπρασθαι, τὴν δὲ χροιὰν ἐοικέναι μολίβδῳ. 
596	Πνεύματ’ ἀνειλίσσοντα, ἤγουν ἐμπνευματοῖ παραπλησίως στρόφῳ ἢ εἰλίγγῳ.
597	Εἰλίγγοιο δυσαλθέος· τῆς κοιλιοστροφίας φησίν.
599	Οὐ μὴν τῶν οὔρων· γράφεται καὶ οὐ μὲν τῶν γ’ οὔρων ἀντὶ τοῦ τῷ κακωθέντι ὑπὸ τοῦ λιθαργύρου καὶ οὕτω καὶ ἡ τῶν οὔρων ῥύσις κατέχεται, τὰ δὲ μόρια πίμπραται.
600	Καὶ τὸ εἰδήνατο χροιὴν ἀντὶ τοῦ ὡμοιώθη.
601	Τῷ δ’ ὁτὲ μέν· δύο ὀβολοὺς σμύρνης.
602	Ἄλλοτε οὔρειον, ὅ ἐστιν ὀρεινὴν ὑπέρεικον, ἄλλοτε ὁρμίνιον, ἐστὶ δ’ εἶδος βοτάνης, ἄλλοτε ὑσσώπου κλάδους.
604	Κράδην τὴν ἀγρίαν συκῆν. Σπέραδός τε σελίνου· τοῦ ὀρεο σελίνου καλουμένου· φυτὸν γὰρ τοιοῦτόν ἐστι διουρητικόν.
605	Ἴσθμιον· ἡ ἱστορία εὔγνωστός ἐστι πᾶσι τοῦ ἀγῶνος τοῦ Μελικέρτου. Σισυφίδαι δ’ οἱ Κορίνθιοι· ἄγεται δὲ τῷ Μελικέρτῃ ὁ Ἰσθμιακὸς ἀγὼν, ἐν ᾧ ὁ στέφανος ἦν πρότερον τοῖς νικῶσιν ἀπὸ σελίνου, ὕστερον δ’ ἀπὸ πίτυος, γίνεσθαι δέ φασιν ἐπὶ Σίνιδι, τὸν Θησέα διαθεῖναι, οἱ δὲ Ποσειδῶνι τῷ πατρῴῳ θεῷ τελεῖσθαι, οἱ πλεῖστοι δέ φασι τελεῖσθαι τῷ Μελικέρτῃ.
607	Ῥυσίμῳ· καὶ γὰρ ῥύσιμόν ἐστιν εἶδος βοτάνης, ἰδίως δ’ αὐτὸ εἴρηκε χωρὶς τοῦ ε, ὅ τινες πήγανόν φασιν. Ἐνομηρέα δ’ ἀντὶ τοῦ ὁμοῦ μίξας.
609	Κύπρου· οἱ μὲν εἶδος φυτοῦ τὴν κύπρον φασὶν, οἱ δὲ τὰ ἀπὸ τῆς Κύπρου νήσου βλαστήματα· καὶ τῆς κύπρου φησὶ τὰ νεοανθῆ βλαστεῖα, καὶ τοὺς τῆς σίδης ἤτοι τῆς ῥοιᾶς.
610	Κυτίνοιο τὸν ἀνθημὸνα καρπὸν μετ’ οἴνου τρίψας παράσχε αὐτῷ πιεῖν· κύτινόν φασι τὸ ἄνθος τῆς ῥοιᾶς, ὅπερ αὐξηθὲν ῥοιὰ γίνεται.
611	Μὴ μὲν δὴ σμῖλον· ἡ σμῖλος φυτόν ἐστιν ἐλάτῃ ὅμοιον· διὸ καὶ ἐλατηίδα εἶπε· περὶ δὲ τῆς σμίλου φησὶν Ἀνδρέας περὶ Αἰτωλίαν πληθύνειν, καὶ τοὺς ἐγκοιμηθέντας αὐτῷ ἀποθνήσκειν, ὁ δὲ Θεόφραστος ( H. P. III. 10, §2 ) περὶ μὲν τῶν ἀνθρώπων οὐδὲν εἴρηκεν, αὐτὸ δὲ μόνον, ὅτι τὰ λόφουρα τῶν ζώων γευσάμενα ἀποθνήσκει, λόφουρα δ’ εἰσὶ βόες, ἡμίονοι. Καλλίμαχος δέ· ἑρπετὰ, τῶν αἰεὶ τεθράφαται λοφιαί.
612	Οἰταίην· τὴν οἴτου αἰτίαν γινομένην, ἢ τὴν ἐν Οἴτῃ φυομένην, ὄρει τῆς Αἰτωλίας.
613	Χαλικροτέρη ἀντὶ τοῦ ἀκρατοτέρα πόσις οἴνου πολλὴ παραχρῆμα ἰάσαιτο.
616	Τὰ μὲν οὖν Νίκανδρος, ἤτοι καὶ ταῦτα μὲν ὁ Νίκανδρος τῇ ἰδίᾳ κατέθετο βίβλῳ τὰ ἐπίπονα καὶ φαρμακώδη ἑκάστῳ ἀνδρὶ τὰ ἐκ τοῦ μύκητος, λείπει δὲ τὸ γινόμενα ἢ τὰ μύκητος, ὅ ἐστι τὰ δηλητήρια. Ἄλλως· παρ’ ἀνέρι, ἢ παρὰ πρὸς τὸ κατέθετο, ἵν’ ᾖ παρακατέθετο ἀνδρὶ ἑκάστῳ ἐν τῇ ἰδίᾳ βίβλῳ μοχθήεντα ἀντὶ τοῦ ἐπίπονα. Ἢ οὕτως· τῷ ἐπὶ φαρμάκῳ μύκητι κακοπαθοῦντι ἀνθρώπῳ· ταῦτα γὰρ βοηθήματα ἐν τῇ ἰδίᾳ βίβλῳ κατέθετο.
618	Πρὸς δέ τί σοι· πρὸς δὲ τούτοις φησὶ βοηθεῖ καὶ ἧστινος τοὺς κλῶνας ἐμίσησεν ἡ Δίκτυννα, λέγει δὲ περὶ τῆς μυρσίνης· φησὶ γάρ· αὐτὴν ἡ Δίκτυνα μισεῖ, καὶ μόνη αὕτη ἡ μυρσίνη τῆς Ἰμβρασίας Ἥρας οὐχ ὑπεδέξατο τὸ στέφος, τουτέστιν οὐκ ἐγένετο στέφος τῆς Ἰμβρασίας Ἥρας, διότι κάλλους ἕνεκεν εἰς ἔριν διηγέρθησαν αἱ ἀθάνατοι θεαὶ, ὅτι τὴν Κύπριν ἐκόσμησεν αὕτη ἡ μυρσίνη.
621	Ἰδαίοισιν· ἐν τοῖς τῆς Ἰδης, ἐν τοῖς κατὰ Τροίαν ὄρεσιν. Ἄλλως· καὶ ἡ μυρδίνη φησὶ βοηθεῖ, ἧς τοὺς κλῶνας ἐμίσησεν ἡ Δίκτυννα, καὶ μόνη οὐκ ἐδέξατο τὸ τῆς Ἰμβρασίας Ἥρας στέφος, ὅτι τὴν Ἀφροδίτην ἐκόσμησεν, ὅτε περὶ κάλλους αἱ ἀθάνατοι ἤρισαν θεαί. Ἢ οὕτως· τὴν Ἴδην ἐκόσμησαν αἱ θεοὶ τοῖς ἄνθεσι τῶν βοτανῶν, καὶ ταῖς λόχμαις, ἔνθα διὰ κάλλους εἰς ἅμιλλαν κριθησόμεναι παρεγένοντο. Δίκτυννα δὲ καὶ ἡ Ἄρτεμις λέγεται. Καὶ τὸ τέης, ἧστινος ἐμίσησεν.
622	Τῆς σύγ’ ἀπ’ εὐύδροιο νάπης· ταύτης οὖν φησι τῆς μυρσίνης τὸ εὐανθὲς ὄφελος· ὁ γὰρ καρπὸς αὐτῆς ὠφέλιμός ἐστι τοῖς πάσχουσιν, ὅ ἐστι τὸν καρπὸν τὸν πορφυροῦν, τὸν συναύξοντα ταῖς χειμεριναῖς νυξὶν, οἱονεὶ τῷ ἔαρι, ἢ τὸν συναύξοντα ταῖς χειμεριναῖς πνοαῖς ἢ ἡμέραις· μᾶλλον γὰρ τῷ χειμῶνι ἀνθεῖν τοῦτόν φησι τὸν καρπὸν, ἀπὸ τῆς εὐύδρου νάπης λαβὼν, καὶ θαλφθέντα ταῖς τοῦ ἡλίου ἀκτῖσι λειώσας, τουτέστι ξηρανθέντα λειώσας, καὶ τὸν χυλὸν δι’ ὀθόνης ἢ κυρτίδος ἐκπιέσας δίδου κοτύλην τῷ μέτρῳ πεπληρωμένην ἐν κυάθῳ, ἢ καὶ κοτύλης πλεῖον. Εὐαλθές· τὸ εὐανθὲς ὄφελος.
624	Καὶ ἠελίοιο βολῇς, ἤτοι ταῖς ἀκτῖσιν.
625	Καὶ σχοινίδι κύρτῃ· τῇ ἐκ σχοίνου πεποιημένῃ.
627	Ὀνήιον· ὠφέλιμον.
628	Καὶ ἄρκιον βοηθητικὸν καὶ ὠφελιμώτατον.
629	Ὑμνοπόλοιο· τοῦ ἐν τοῖς ὕμνοις καὶ ᾠδαῖς καὶ ποιήμασιν ἀναστρεφομένου, τουτέστι ποιητοῦ· ἐν τῷ μεμνῆσθαι τοίνυν ἡμῶν τὸν νόμον φυλάσσοις τοῦ ξενίου Διός· μνῆστιν γὰρ ἀντὶ τοῦ μνείαν.
